order_key,location_key,product_key,channel_key,campaign_key,customer_key,time_key,line_number,quantity,discount_amount,tax_amount
1,45,137,1,2,228,120919,1,2,13623.34,38009.13
2,45,148,1,2,228,120919,2,2,2771.62,28519.99
3,45,53,1,2,228,120919,3,3,8387.43,33465.84
4,45,77,1,2,228,120919,4,3,12848.67,19786.95
5,73,140,3,8,101,73907,1,1,5071.28,7809.77
6,73,45,3,8,101,73907,2,2,220.56,2269.61
7,73,49,3,8,101,73907,3,3,30775.47,85863.57
8,73,93,3,8,101,73907,4,2,5980.46,61538.96
9,29,148,3,9,99,78714,1,2,16629.73,25609.79
10,14,125,3,7,14,113453,1,1,2195.09,22587.45
11,14,130,3,7,14,113453,2,1,2848.86,11366.95
12,14,65,3,7,14,113453,3,1,6294.97,11897.49
13,70,54,4,11,198,81666,1,3,47581.41,73275.36
14,70,89,4,11,198,81666,2,1,3764.01,5796.58
15,60,100,4,10,78,98064,1,2,2700.04,10773.17
16,60,38,4,10,78,98064,2,3,21443.16,59826.41
17,60,4,4,10,78,98064,3,2,7607.08,21223.77
18,60,98,4,10,78,98064,4,3,19731.65,78729.3
19,16,4,2,4,174,1092,1,2,0.0,22821.25
20,75,20,1,1,230,46357,1,3,4456.37,12433.28
21,75,71,1,1,230,46357,2,2,25349.45,39038.16
22,75,83,1,1,230,46357,3,2,5660.53,58246.85
23,75,19,1,1,230,46357,4,2,0.0,48536.91
24,84,1,4,10,123,12333,1,2,27005.96,41589.17
25,84,124,4,10,123,12333,2,1,14489.95,27386.01
26,2,107,1,1,2,16897,1,3,14422.22,40238.0
27,2,33,1,1,2,16897,2,1,2786.9,28677.23
28,2,70,1,1,2,16897,3,3,8190.33,22851.02
29,51,90,4,11,184,16844,1,2,0.0,33562.6
30,51,143,4,11,184,16844,2,1,2485.01,25570.75
31,51,31,4,11,184,16844,3,3,0.0,91667.81
32,20,125,1,1,190,31659,1,3,0.0,69145.24
33,32,52,4,11,35,115617,1,2,1492.96,15362.52
34,32,9,4,11,35,115617,2,3,27997.2,52914.71
35,32,16,4,11,35,115617,3,2,3656.15,37621.81
36,55,112,4,11,187,44815,1,3,6064.48,62403.46
37,55,39,4,11,187,44815,2,3,0.0,32032.78
38,55,107,4,11,187,44815,3,1,0.0,14422.22
39,3,119,4,11,42,106247,1,1,16640.51,25626.38
40,3,104,4,11,42,106247,2,1,486.64,1941.69
41,3,119,4,11,42,106247,3,3,49921.52,76879.14
42,3,1,4,11,42,106247,4,3,0.0,70890.64
43,35,32,3,7,38,29599,1,1,9126.2,25462.1
44,35,128,3,7,38,29599,2,1,7929.68,22123.8
45,35,82,3,7,38,29599,3,1,0.0,30425.75
46,4,56,3,9,4,56767,1,3,2401.57,6700.38
47,32,1,3,8,214,85084,1,1,5626.24,22448.7
48,29,107,2,4,40,103214,1,2,0.0,28844.44
49,24,91,2,4,24,51300,1,1,9865.59,18645.97
50,24,62,2,4,24,51300,2,3,13844.71,26166.5
51,24,18,2,4,24,51300,3,1,13122.52,24801.56
52,61,49,4,10,80,75148,1,1,10258.49,28621.19
53,61,95,4,10,80,75148,2,1,0.0,23540.51
54,61,126,4,10,80,75148,3,3,0.0,60084.74
55,61,102,4,10,80,75148,4,2,28480.12,53827.42
56,89,35,3,8,143,30947,1,2,3189.35,4911.6
57,89,100,3,8,143,30947,2,2,0.0,11340.18
58,89,146,3,8,143,30947,3,3,14863.45,41469.03
59,89,142,3,8,143,30947,4,3,35894.67,67840.92
60,66,61,3,9,89,10247,1,3,10358.85,41331.79
61,66,22,3,9,89,10247,2,3,0.0,89644.63
62,38,20,3,8,43,79274,1,3,1273.25,13101.73
63,38,74,3,8,43,79274,2,2,0.0,15462.78
64,38,77,3,8,43,79274,3,3,7495.06,20911.2
65,38,58,3,8,43,79274,4,3,28271.79,43538.56
66,8,130,4,11,146,63161,1,2,7976.81,22255.29
67,8,139,4,11,146,63161,2,2,4535.39,46669.15
68,8,107,4,11,146,63161,3,2,6867.73,27402.22
69,51,82,2,4,62,55305,1,1,17386.14,26774.66
70,51,53,2,4,62,55305,2,2,5591.62,22310.56
71,51,74,2,4,62,55305,3,3,2208.97,22730.28
72,51,66,2,4,62,55305,4,3,9151.07,17295.52
73,31,81,3,7,213,15994,1,2,14485.99,27378.51
74,51,14,3,8,184,3923,1,3,13248.54,20402.76
75,94,35,4,10,176,58220,1,2,531.56,5469.74
76,94,84,4,10,176,58220,2,2,4818.12,49578.43
77,94,22,4,10,176,58220,3,2,14229.31,56774.93
78,94,47,4,10,176,58220,4,2,9424.67,26294.83
79,50,22,4,10,61,68587,1,1,9960.51,27789.83
80,50,35,4,10,61,68587,2,2,3189.35,4911.6
81,50,102,4,10,61,68587,3,3,8544.03,87918.12
82,50,99,4,10,61,68587,4,3,8737.97,24378.93
83,31,126,3,9,213,79194,1,1,9537.26,18025.42
84,31,113,3,9,213,79194,2,1,831.96,8560.83
85,31,39,3,9,213,79194,3,1,1016.91,10464.04
86,79,24,4,10,115,104625,1,2,4094.63,16337.58
87,79,48,4,10,115,104625,2,2,28348.05,43655.99
88,79,110,4,10,115,104625,3,1,0.0,15376.75
89,79,132,4,10,115,104625,4,2,5413.42,15103.46
90,39,66,1,2,106,103867,1,3,0.0,19217.25
91,39,129,1,2,106,103867,2,1,0.0,6115.81
92,39,119,1,2,106,103867,3,1,2773.42,28538.47
93,7,78,4,12,223,112742,1,1,2521.24,25943.58
94,7,35,4,12,223,112742,2,1,265.78,2734.87
95,7,29,4,12,223,112742,3,1,14530.31,22376.68
96,7,49,4,12,223,112742,4,1,2931.0,30159.96
97,16,69,1,2,16,58442,1,3,24369.03,67989.58
98,78,73,3,8,189,29792,1,3,2107.77,3245.97
99,78,23,3,8,189,29792,2,3,22759.3,63498.44
100,8,132,3,8,201,102458,1,3,13920.24,21437.16
101,8,27,3,8,201,102458,2,3,0.0,76914.85
102,41,122,2,4,218,75968,1,2,14026.36,55965.17
103,41,130,2,4,218,75968,2,1,0.0,11965.21
104,95,72,3,9,180,57985,1,3,4208.56,7954.18
105,90,90,1,3,147,44104,1,2,7991.1,31884.47
106,90,147,1,3,147,44104,2,3,5997.82,61717.58
107,91,42,4,12,150,81343,1,1,14114.49,26676.38
108,91,33,4,12,150,81343,2,2,33442.83,51501.96
109,91,118,4,12,150,81343,3,1,15124.2,23291.26
110,91,132,4,12,150,81343,4,3,0.0,24360.41
111,107,1,3,8,240,38913,1,1,11252.48,21267.19
112,107,90,3,8,240,38913,2,1,0.0,16781.3
113,107,107,3,8,240,38913,3,2,13735.45,25960.0
114,107,80,3,8,240,38913,4,3,26604.52,74226.6
115,68,64,2,4,163,3101,1,3,25572.72,39381.99
116,97,55,4,12,239,46544,1,3,33191.71,62732.33
117,97,73,4,12,239,46544,2,1,117.1,1204.94
118,97,137,4,12,239,46544,3,3,0.0,61305.04
119,40,63,3,8,243,130222,1,3,5635.94,22487.38
120,40,88,3,8,243,130222,2,1,7967.33,22228.86
121,40,85,3,8,243,130222,3,1,9403.72,14481.72
122,13,119,4,12,92,127812,1,2,5546.84,57076.93
123,102,72,2,5,207,91146,1,2,3366.85,5184.94
124,1,111,4,10,1,119267,1,2,7315.15,29187.45
125,1,32,4,10,1,119267,2,3,39112.29,73922.23
126,1,120,4,10,1,119267,3,2,14046.6,56045.94
127,1,65,1,3,25,5248,1,1,0.0,13219.43
128,1,122,1,3,25,5248,2,1,7013.18,27982.58
129,1,14,1,3,25,5248,3,2,7360.3,13910.97
130,14,60,3,8,14,73283,1,3,30402.32,46819.58
131,14,3,3,8,14,73283,2,2,5174.94,14438.1
132,14,119,3,8,14,73283,3,2,27734.18,52417.59
133,14,26,3,8,14,73283,4,2,24480.43,37699.86
134,22,121,3,9,132,99312,1,2,26092.56,49314.93
135,22,88,3,9,132,99312,2,2,11381.91,45413.8
136,59,127,4,10,77,19346,1,1,0.0,27614.06
137,5,48,3,7,197,69202,1,1,5905.84,23564.31
138,5,3,3,7,197,69202,2,1,1848.19,7374.3
139,5,8,3,7,197,69202,3,3,0.0,61219.77
140,5,37,3,7,197,69202,4,2,13273.44,37032.91
141,9,72,3,9,219,59213,1,1,1402.85,2651.39
142,45,56,2,6,54,82226,1,2,1601.05,4466.92
143,45,97,2,6,54,82226,2,3,695.99,7161.7
144,45,96,2,6,54,82226,3,2,9591.15,18127.27
145,45,22,2,6,54,82226,4,1,0.0,29881.54
146,45,122,2,5,168,41889,1,1,14026.36,26509.82
147,45,142,2,5,168,41889,2,2,28715.73,44222.23
148,14,44,1,1,75,68446,1,2,5797.76,16175.75
149,25,20,2,6,26,98407,1,3,0.0,13369.12
150,25,70,2,6,26,98407,2,1,2730.11,7617.01
151,50,2,1,1,170,56763,1,1,672.59,1876.54
152,4,25,3,8,4,125052,1,3,917.64,9442.52
153,4,43,3,8,4,125052,2,1,3209.83,8955.42
154,11,63,3,7,209,42117,1,1,3757.29,7101.28
155,11,14,3,7,209,42117,2,3,2208.09,22721.25
156,11,57,3,7,209,42117,3,3,14183.01,39570.58
157,10,70,2,6,46,105733,1,2,0.0,16380.66
158,10,93,2,6,46,105733,2,2,20931.62,58399.22
159,69,105,4,12,96,118999,1,1,0.0,25039.36
160,97,1,4,11,239,1,1,1,0.0,23630.21
161,97,107,4,11,239,1,2,3,14422.22,40238.0
162,97,74,4,11,239,1,3,3,7731.39,21570.58
163,97,44,4,11,239,1,4,1,2070.63,8261.81
164,57,37,1,3,169,54240,1,3,28443.1,53757.45
165,57,130,1,3,169,54240,2,1,1139.54,11725.9
166,83,24,1,3,122,98938,1,3,6141.95,24506.37
167,83,58,1,3,122,98938,2,3,23559.83,44528.07
168,83,17,1,3,122,98938,3,3,3176.26,12673.28
169,83,97,1,3,122,98938,4,3,4175.92,6430.92
170,19,28,3,7,109,123749,1,2,0.0,30541.8
171,19,138,3,7,109,123749,2,2,11934.85,47620.06
172,52,101,4,12,141,124508,1,2,0.0,49339.74
173,52,136,4,12,141,124508,2,3,20555.92,82018.12
174,52,73,4,12,141,124508,3,3,351.3,3614.83
175,60,124,4,11,78,105054,1,2,5795.98,59640.65
176,60,54,4,11,78,105054,2,1,15860.47,24425.12
177,60,51,4,11,78,105054,3,3,47327.1,72883.74
178,60,3,4,11,78,105054,4,2,8871.33,13661.85
179,92,119,2,5,153,70192,1,3,29120.88,81247.27
180,38,138,2,4,114,127037,1,3,7160.91,73685.78
181,38,26,2,4,114,127037,2,3,0.0,64261.12
182,38,61,2,4,114,127037,3,1,1381.18,14212.34
183,3,32,1,2,3,40781,1,1,13037.43,24640.74
184,21,44,3,8,222,110730,1,2,5797.76,16175.75
185,22,79,4,12,91,50968,1,3,0.0,62540.66
186,22,79,4,12,91,50968,2,2,9927.09,39609.09
187,29,63,1,2,104,562,1,3,13526.24,20830.42
188,29,136,1,2,104,562,2,3,41111.84,77701.37
189,29,11,1,2,104,562,3,3,26073.89,72746.15
190,46,79,1,2,55,104173,1,3,29781.27,56286.59
191,46,10,1,2,55,104173,2,2,29696.18,56125.78
192,55,113,4,11,94,98142,1,3,8735.54,24372.17
193,84,40,3,8,123,14971,1,3,24887.1,47036.61
194,84,48,3,8,123,14971,2,1,5905.84,23564.31
195,13,49,1,2,181,93128,1,3,52757.95,81247.25
196,13,39,1,2,181,93128,2,1,0.0,10677.59
197,75,1,2,6,108,8671,1,1,13502.98,20794.59
198,41,29,3,9,48,66604,1,1,14530.31,22376.68
199,41,4,3,9,48,66604,2,3,16300.9,30808.69
200,41,34,3,9,48,66604,3,2,3253.52,12981.54
201,79,135,1,3,115,12208,1,3,0.0,55659.07
202,79,43,1,3,115,12208,2,3,6878.2,27444.01
203,79,34,1,3,115,12208,3,2,0.0,13664.78
204,79,145,1,3,115,12208,4,1,1389.03,2139.11
205,76,98,3,8,248,3687,1,3,19731.65,78729.3
206,93,38,4,10,162,42341,1,2,0.0,42886.31
207,93,127,4,10,162,42341,2,1,9204.69,25681.08
208,93,48,4,10,162,42341,3,1,2362.34,24308.45
209,52,18,2,6,227,126241,1,1,0.0,27557.29
210,52,110,2,6,227,126241,2,1,5125.58,14300.38
211,33,85,4,11,36,80630,1,2,3134.57,32254.75
212,33,63,4,11,36,80630,2,1,3757.29,7101.28
213,33,69,4,11,36,80630,3,3,34812.89,65796.37
214,7,95,3,9,160,18946,1,2,26903.44,41431.3
215,7,20,3,9,160,18946,2,1,424.42,4367.24
216,7,38,3,9,160,18946,3,2,4084.41,42028.59
217,7,100,3,9,160,18946,4,2,6480.1,9979.36
218,86,149,4,12,137,42234,1,3,13173.35,36753.65
219,74,120,1,2,103,33975,1,2,14046.6,56045.94
220,1,7,3,9,25,92014,1,3,2445.35,6822.54
221,1,123,3,9,25,92014,2,3,0.0,7137.18
222,49,144,1,2,225,117838,1,1,1978.19,20355.6
223,49,27,1,2,225,117838,2,2,17092.19,47687.21
224,105,88,3,7,229,8475,1,2,4552.76,46847.93
225,105,51,3,7,229,8475,2,2,18404.99,51349.91
226,105,124,3,7,229,8475,3,2,28979.91,54772.03
227,105,42,3,7,229,8475,4,3,29640.42,82696.77
228,64,134,4,11,167,65203,1,2,0.0,29921.3
229,64,46,4,11,167,65203,2,2,12086.41,33721.08
230,64,96,4,11,167,65203,3,1,4795.57,9063.63
231,64,42,4,11,167,65203,4,3,29640.42,82696.77
232,47,32,4,11,58,20221,1,2,18252.4,50924.21
233,47,106,4,11,58,20221,2,3,49219.08,75797.38
234,47,102,4,11,58,20221,3,1,7120.03,28408.92
235,47,58,4,11,58,20221,4,3,11779.91,47001.86
236,64,50,3,8,167,91306,1,2,4852.96,49937.0
237,64,51,3,8,167,91306,2,3,47327.1,72883.74
238,64,72,3,8,167,91306,3,2,0.0,5891.98
239,64,150,3,8,167,91306,4,3,1850.08,7381.83
240,10,110,3,8,212,20187,1,1,3661.13,14607.91
241,10,63,3,8,212,20187,2,1,751.46,7732.5
242,10,96,3,8,212,20187,3,2,1918.23,19738.58
243,17,27,4,11,17,39665,1,3,18313.06,73069.11
244,17,20,4,11,17,39665,2,3,7639.5,11764.82
245,13,32,4,11,13,50954,1,2,5214.97,53662.07
246,56,127,3,7,71,73248,1,3,0.0,82842.19
247,56,101,3,7,71,73248,2,2,28194.13,43418.97
248,56,117,3,7,71,73248,3,2,17258.39,26577.91
249,17,98,1,3,29,13170,1,2,31570.65,48618.8
250,17,44,1,3,29,13170,2,1,4141.26,7826.98
251,17,118,1,3,29,13170,3,1,2520.7,25938.0
252,4,130,3,8,220,56785,1,1,1139.54,11725.9
253,4,57,3,8,220,56785,2,2,9455.34,26380.39
254,18,129,1,3,31,38843,1,2,5824.58,11008.45
255,18,86,1,3,31,38843,2,1,7529.18,21006.42
256,18,70,1,3,31,38843,3,2,0.0,16380.66
257,18,13,1,3,31,38843,4,3,23734.91,66220.41
258,6,14,1,3,175,20273,1,1,3680.15,6955.49
259,20,81,3,9,190,126875,1,3,0.0,45630.86
260,20,43,3,9,190,126875,2,1,2292.73,9148.0
261,42,135,4,10,50,51403,1,1,4417.39,17625.37
262,42,90,4,10,50,51403,2,2,11187.53,31213.22
263,42,107,4,10,50,51403,3,2,6867.73,27402.22
264,42,49,4,10,50,51403,4,1,14654.99,27697.93
265,81,126,1,1,117,107903,1,2,0.0,40056.5
266,74,45,1,1,103,55658,1,3,1157.97,3230.72
267,74,83,1,1,103,55658,2,3,8490.79,87370.27
268,74,52,1,1,103,55658,3,2,1492.96,15362.52
269,56,109,4,10,71,19367,1,1,0.0,8020.75
270,56,73,4,10,71,19367,2,2,0.0,2459.07
271,56,145,4,10,71,19367,3,2,0.0,4861.62
272,56,149,4,10,71,19367,4,2,0.0,26346.7
273,70,92,2,6,128,105788,1,3,31592.74,59710.28
274,70,36,2,6,128,105788,2,1,1045.49,2916.92
275,70,110,2,6,128,105788,3,3,15376.75,42901.13
276,26,111,1,3,27,41374,1,2,7315.15,29187.45
277,26,59,1,3,27,41374,2,1,0.0,13852.59
278,26,7,1,3,27,41374,3,1,1164.45,2200.82
279,14,20,2,4,75,88910,1,1,1061.04,4233.55
280,49,37,3,7,60,37342,1,1,1896.21,19511.96
281,49,113,3,7,60,37342,2,3,8735.54,24372.17
282,49,30,3,7,60,37342,3,1,2212.4,6172.61
283,70,93,3,7,198,71718,1,2,35882.77,55259.47
284,70,65,3,7,198,71718,2,3,18884.9,35692.46
285,70,4,3,7,198,71718,3,1,2716.82,10840.1
286,5,45,3,7,197,90631,1,1,551.41,1042.17
287,5,13,3,7,197,90631,2,1,0.0,23734.91
288,89,39,3,8,183,70026,1,2,12202.97,18792.57
289,22,21,1,2,249,81169,1,2,3483.95,6584.67
290,22,130,1,2,249,81169,2,1,2848.86,11366.95
291,22,124,1,2,249,81169,3,3,8693.97,89460.98
292,18,33,4,12,31,101460,1,1,9754.16,27214.1
293,22,31,2,6,91,102401,1,2,14550.45,58056.28
294,22,28,2,6,91,102401,2,3,0.0,45812.71
295,22,19,2,6,91,102401,3,3,17334.61,69165.1
296,3,145,1,1,242,91099,1,3,3472.59,6563.19
297,40,51,1,1,243,108455,1,2,18404.99,51349.91
298,40,39,1,1,243,108455,2,2,2033.83,20928.09
299,70,114,3,7,198,58132,1,2,1800.34,5022.96
300,70,67,3,7,198,58132,2,1,3559.35,14201.8
301,70,125,3,7,198,58132,3,3,6585.26,67762.34
302,70,87,3,7,198,58132,4,3,0.0,42939.73
303,100,34,1,1,200,113288,1,3,9760.56,18447.45
304,100,6,1,1,200,113288,2,3,0.0,10348.4
305,100,98,1,1,200,113288,3,1,15785.32,24309.4
306,27,78,4,11,129,7176,1,1,2521.24,25943.58
307,27,64,4,11,129,7176,2,1,3551.77,14171.55
308,27,32,4,11,129,7176,3,2,31289.83,48186.34
309,11,105,4,11,68,77597,1,3,17885.26,71362.18
310,11,124,4,11,68,77597,2,2,34775.89,53554.87
311,5,58,3,9,244,130910,1,3,0.0,49475.64
312,5,102,3,9,244,130910,2,1,9968.04,27810.83
313,5,95,3,9,244,130910,3,2,22419.53,42372.92
314,5,28,3,9,244,130910,4,3,10907.79,43522.07
315,54,81,2,5,69,90105,1,3,4345.8,44718.24
316,54,83,2,5,69,90105,2,2,33963.18,52303.29
317,54,124,2,5,69,90105,3,3,43469.86,82158.04
318,54,21,2,5,69,90105,4,1,1219.38,3402.08
319,55,37,3,7,70,68545,1,2,18962.06,35838.3
320,55,53,3,7,70,68545,2,3,20129.83,30999.94
321,33,129,4,11,36,86748,1,1,582.46,5993.49
322,33,144,4,11,36,86748,2,2,13847.34,38634.09
323,33,99,4,11,36,86748,3,3,8737.97,24378.93
324,21,55,3,8,222,122789,1,3,33191.71,62732.33
325,21,49,3,8,222,122789,2,2,14654.99,58473.4
326,21,46,3,8,222,122789,3,3,0.0,54388.85
327,21,51,3,8,222,122789,4,2,13146.42,52454.21
328,57,44,2,5,72,3240,1,3,14908.53,22959.13
329,57,94,2,5,72,3240,2,3,0.0,14171.91
330,57,104,2,5,72,3240,3,2,2335.87,3597.24
331,69,92,4,11,96,6098,1,1,2106.18,21672.62
332,22,110,2,5,249,92029,1,2,14644.52,27678.15
333,22,103,2,5,249,92029,2,3,0.0,19027.86
334,22,42,2,5,249,92029,3,3,8468.69,87142.83
335,22,77,2,5,249,92029,4,3,12848.67,19786.95
336,74,137,3,7,103,124401,1,1,4865.48,19413.26
337,74,126,3,7,103,124401,2,3,34334.14,52874.57
338,74,7,3,7,103,124401,3,1,1164.45,2200.82
339,74,46,3,7,103,124401,4,1,4316.57,17223.13
340,74,104,1,1,133,14790,1,1,194.66,2003.01
341,29,87,4,11,195,14362,1,3,20447.49,38645.76
342,47,118,1,2,58,40093,1,3,26467.34,73843.89
343,47,85,1,2,58,40093,2,3,16456.51,45913.65
344,47,122,1,2,58,40093,3,3,0.0,88366.06
345,31,56,4,10,34,21445,1,1,0.0,2401.57
346,31,147,4,10,34,21445,2,2,3998.55,41145.05
347,31,41,4,10,34,21445,3,3,14392.72,40155.69
348,31,141,4,10,34,21445,4,2,7290.81,29090.31
349,40,62,2,6,131,29434,1,1,3230.43,9012.91
350,40,52,2,6,131,29434,2,2,1492.96,15362.52
351,40,76,2,6,131,29434,3,1,0.0,3606.2
352,31,110,1,3,213,131791,1,1,0.0,15376.75
353,31,38,1,3,213,131791,2,2,20422.05,38597.68
354,31,29,1,3,213,131791,3,3,7265.15,74758.44
355,31,94,1,3,213,131791,4,2,5398.82,8314.19
356,76,114,4,10,118,47902,1,2,1800.34,5022.96
357,76,67,4,10,118,47902,2,3,10678.04,42605.4
358,76,10,4,10,118,47902,3,1,2969.62,30557.37
359,35,123,1,2,38,94363,1,3,679.73,6994.44
360,35,89,1,2,38,94363,2,3,1882.01,19365.85
361,35,129,1,2,38,94363,3,2,5824.58,11008.45
362,35,96,1,2,38,94363,4,2,6713.8,18731.51
363,87,123,1,2,138,116433,1,1,793.02,2212.53
364,87,22,1,2,138,116433,2,2,5691.72,58567.82
365,11,117,4,10,149,20760,1,1,3595.5,14346.03
366,11,105,4,10,149,20760,2,3,17885.26,71362.18
367,17,81,3,7,121,56523,1,2,7242.99,28899.54
368,17,109,3,7,121,56523,2,3,8020.75,22377.89
369,17,107,3,7,121,56523,3,1,4807.41,13412.67
370,5,96,2,5,5,131233,1,1,2397.79,9567.17
371,5,110,2,5,5,131233,2,2,7322.26,29215.83
372,5,143,2,5,5,131233,3,3,44730.18,68884.48
373,58,143,3,8,73,13828,1,1,12425.05,23483.35
374,45,49,2,5,168,105528,1,1,2931.0,30159.96
375,45,79,2,5,168,105528,2,1,0.0,20846.89
376,7,51,2,4,223,82672,1,1,9202.49,25674.95
377,7,32,2,4,223,82672,2,1,2607.49,26831.03
378,7,130,2,4,223,82672,3,3,20511.78,31588.15
379,7,133,2,4,223,82672,4,1,2065.07,21249.59
380,74,24,2,6,135,1835,1,2,0.0,17197.45
381,74,29,2,6,135,1835,2,2,16952.03,47296.16
382,29,3,2,4,32,26155,1,3,0.0,23287.25
383,29,134,2,4,32,26155,2,2,14248.24,26929.17
384,29,27,2,4,32,26155,3,3,36626.12,69223.36
385,100,11,4,11,200,104134,1,3,0.0,78221.67
386,100,26,4,11,200,104134,2,3,0.0,64261.12
387,100,31,4,11,200,104134,3,1,7275.22,29028.14
388,100,149,4,11,200,104134,4,3,22582.89,34777.65
389,81,64,3,9,117,125665,1,2,9944.95,27746.4
390,81,13,3,9,117,125665,2,2,15823.28,44146.94
391,81,68,3,9,117,125665,3,1,2508.65,25814.01
392,100,138,2,5,200,16203,1,3,7160.91,73685.78
393,100,82,2,5,200,16203,2,2,0.0,60851.49
394,100,24,2,5,200,16203,3,3,8598.73,23990.44
395,10,127,1,1,212,27592,1,1,15779.46,24300.38
396,98,94,3,9,204,48096,1,1,1124.75,4487.77
397,98,139,3,9,204,48096,2,2,0.0,47621.59
398,98,35,3,9,204,48096,3,2,3189.35,4911.6
399,64,104,4,10,167,60308,1,3,3503.8,5395.85
400,89,136,1,2,143,17282,1,1,0.0,28778.29
401,25,140,1,1,26,59825,1,3,2535.64,26091.73
402,25,73,1,1,26,59825,2,2,234.2,2409.89
403,25,115,1,1,26,59825,3,1,2186.16,8722.77
404,25,110,1,1,26,59825,4,2,10251.17,28600.76
405,13,112,3,9,13,65608,1,3,30322.38,57309.3
406,25,53,4,12,26,40653,1,2,2236.65,23015.1
407,93,123,4,10,217,94751,1,1,0.0,2379.06
408,93,59,4,10,217,94751,2,1,4617.53,12882.91
409,93,48,4,10,217,94751,3,1,14174.02,21828.0
410,93,18,4,10,217,94751,4,1,9185.76,25628.28
411,5,40,2,5,197,57329,1,2,8295.7,33099.84
412,94,83,1,3,176,97592,1,2,0.0,59435.56
413,94,37,1,3,176,97592,2,1,11377.24,17520.95
414,69,139,3,7,96,26581,1,3,23810.79,66432.11
415,50,114,2,4,142,95617,1,1,1543.15,2376.45
416,50,53,2,4,142,95617,2,2,11183.24,21136.32
417,37,55,1,1,85,64877,1,2,0.0,46468.39
418,37,93,1,1,85,64877,2,3,22426.73,89482.67
419,97,126,4,11,239,33731,1,3,28611.78,54076.27
420,102,28,3,9,207,19844,1,1,0.0,15270.9
421,102,46,3,9,207,19844,2,2,0.0,36259.23
422,4,114,2,5,155,124766,1,1,1285.96,2430.46
423,11,119,3,9,11,85302,1,2,19413.92,54164.85
424,11,40,3,9,11,85302,2,1,9954.84,15330.45
425,11,99,3,9,11,85302,3,2,0.0,17475.94
426,11,36,3,9,11,85302,4,2,2090.98,5833.84
427,22,126,2,4,249,112471,1,3,20028.25,55878.81
428,22,5,2,4,249,112471,2,2,11410.4,21565.66
429,10,81,4,10,212,49293,1,3,21728.98,41067.77
430,10,52,4,10,212,49293,2,3,2239.43,23043.78
431,10,31,4,10,212,49293,3,2,34921.07,53778.45
432,10,16,4,10,212,49293,4,3,5484.23,56432.72
433,70,46,1,1,97,118421,1,2,17266.3,32633.31
434,70,9,1,1,97,118421,2,3,13998.6,55854.41
435,70,83,1,1,97,118421,3,3,42453.97,80238.01
436,70,11,1,1,97,118421,4,3,0.0,78221.67
437,11,62,2,4,209,20363,1,1,5537.88,8528.34
438,11,143,2,4,209,20363,2,1,0.0,26092.61
439,37,84,2,6,41,46444,1,2,16863.41,47048.92
440,37,31,2,6,41,46444,2,3,21825.67,87084.42
441,40,53,1,2,131,38909,1,2,13419.89,20666.62
442,40,100,1,2,131,38909,2,3,4050.06,16159.75
443,40,118,1,2,131,38909,3,2,25206.99,47641.22
444,11,23,4,12,209,75301,1,3,16256.64,64863.99
445,11,36,4,12,209,75301,2,2,1493.56,5959.3
446,11,120,4,12,209,75301,3,2,28093.2,53096.16
447,11,43,4,12,209,75301,4,1,2292.73,9148.0
448,20,84,2,4,190,61182,1,3,18067.94,72091.09
449,51,49,4,12,62,38257,1,1,0.0,30775.47
450,1,18,1,2,25,107695,1,3,7873.51,81018.43
451,1,119,1,2,25,107695,2,2,33281.01,51252.76
452,1,145,1,2,25,107695,3,2,2315.06,4375.46
453,1,13,1,2,25,107695,4,2,22604.68,42722.85
454,74,9,3,7,135,19268,1,2,13065.36,36452.35
455,74,143,3,7,135,19268,2,3,26092.61,72798.37
456,74,18,3,7,135,19268,3,1,0.0,27557.29
457,74,68,3,7,135,19268,4,3,18814.88,75071.37
458,19,123,4,10,221,35231,1,1,0.0,2379.06
459,19,45,4,10,221,35231,2,2,1102.82,2084.34
460,19,139,4,10,221,35231,3,1,2267.69,23334.58
461,19,33,4,10,221,35231,4,3,8360.71,86031.68
462,84,134,4,12,123,116617,1,2,9973.77,27826.81
463,84,20,4,12,123,116617,2,2,4244.16,8021.47
464,41,137,2,6,144,16543,1,3,29192.88,55174.54
465,41,17,2,6,144,16543,2,2,5082.02,7826.31
466,41,69,2,6,144,16543,3,2,11604.3,46301.15
467,89,31,3,9,183,85864,1,3,52381.61,80667.67
468,89,75,3,9,183,85864,2,3,7612.4,78331.59
469,49,39,1,2,60,75484,1,3,10677.59,29790.49
470,49,98,1,2,60,75484,2,1,13154.44,24861.88
471,49,70,1,2,60,75484,3,1,4680.19,7207.49
472,49,126,1,2,60,75484,4,2,19074.52,36050.85
473,57,60,2,5,72,56158,1,1,8445.09,15961.22
474,56,42,2,6,119,129474,1,3,42343.46,80029.13
475,56,11,2,6,119,129474,2,1,8691.3,24248.72
476,28,81,4,12,30,55170,1,2,2897.2,29812.16
477,64,113,3,8,167,25589,1,2,5823.7,16248.11
478,64,103,3,8,167,25589,2,2,7248.71,11163.01
479,40,14,2,6,243,17559,1,2,5152.21,14374.67
480,40,99,2,6,243,17559,2,3,8737.97,24378.93
481,40,20,2,6,243,17559,3,3,3183.12,12700.66
482,89,37,4,10,183,116857,1,1,0.0,19910.17
483,89,99,4,10,183,116857,2,2,5825.31,16252.62
484,1,22,2,4,206,109788,1,1,0.0,29881.54
485,1,22,2,4,206,109788,2,3,0.0,89644.63
486,1,39,2,4,206,109788,3,3,10677.59,29790.49
487,1,127,2,4,206,109788,4,1,15779.46,24300.38
488,64,11,3,9,216,128574,1,1,6208.07,24770.2
489,73,92,3,9,101,127386,1,3,15796.37,63027.52
490,73,76,3,9,101,127386,2,3,6182.06,9520.37
491,73,103,3,9,101,127386,3,2,1208.12,12431.54
492,73,80,3,9,101,127386,4,3,19003.23,75822.88
493,18,94,3,8,151,38107,1,1,1574.66,4393.29
494,57,112,3,9,169,97403,1,3,0.0,63677.0
495,57,117,3,9,169,97403,2,3,21572.98,40772.94
496,51,11,3,9,172,793,1,1,8691.3,24248.72
497,51,62,3,9,172,793,2,2,0.0,19382.59
498,5,30,1,3,197,106660,1,1,2212.4,6172.61
499,5,144,1,3,197,106660,2,3,14836.44,59197.4
500,5,46,1,3,197,106660,3,3,31079.34,47862.18
501,29,70,1,1,40,157,1,1,0.0,8190.33
502,86,88,2,4,134,115601,1,2,15934.67,44457.72
503,17,105,2,4,121,23043,1,1,14308.21,22034.64
504,17,134,2,4,121,23043,2,2,14248.24,26929.17
505,70,53,3,9,97,37021,1,2,5591.62,22310.56
506,70,49,3,9,97,37021,2,3,52757.95,81247.25
507,81,71,3,7,117,40935,1,2,14787.18,41256.23
508,81,70,3,7,117,40935,2,1,2730.11,7617.01
509,72,60,1,1,246,19588,1,2,0.0,35469.38
510,72,53,1,1,246,19588,2,2,7828.27,21840.86
511,107,25,3,7,240,102232,1,3,4588.2,8671.7
512,37,115,4,11,85,110238,1,2,1748.93,17996.45
513,37,114,4,11,85,110238,2,2,1285.96,5130.98
514,82,59,1,2,120,20070,1,3,23747.3,36570.84
515,21,8,3,9,21,125517,1,1,0.0,20406.59
516,21,7,3,9,21,125517,2,3,4192.03,6455.73
517,21,7,3,9,21,125517,3,3,0.0,7336.06
518,99,148,3,7,193,15226,1,3,14551.02,40597.33
519,99,74,3,7,193,15226,2,2,7363.23,13916.5
520,48,44,3,9,59,9073,1,3,8696.64,24263.63
521,48,11,3,9,59,9073,2,3,44698.1,68835.07
522,48,11,3,9,59,9073,3,3,26073.89,72746.15
523,75,33,3,7,159,3878,1,1,0.0,29262.48
524,75,69,3,7,159,3878,2,1,0.0,24369.03
525,17,134,2,4,17,114038,1,3,25646.83,39496.12
526,17,79,2,4,17,114038,2,2,9927.09,39609.09
527,68,6,3,7,95,33395,1,3,0.0,10348.4
528,68,121,3,7,95,33395,2,2,13046.28,52054.65
529,44,81,2,6,53,64858,1,3,0.0,45630.86
530,44,102,2,6,53,64858,2,3,8544.03,87918.12
531,44,37,2,6,53,64858,3,1,0.0,19910.17
