,address_id,location_key
0,1,1
1,3,2
2,4,3
3,6,4
4,7,5
5,9,6
6,10,7
7,12,8
8,14,9
9,15,10
10,16,11
11,17,12
12,19,13
13,21,14
14,22,15
15,23,16
16,24,17
17,26,18
18,28,19
19,30,20
20,31,21
21,33,22
22,34,23
23,36,24
24,38,1
25,40,25
26,41,26
27,43,27
28,45,17
29,47,28
30,48,18
31,49,29
32,51,30
33,53,31
34,54,32
35,55,33
36,57,34
37,58,35
38,60,36
39,61,29
40,62,37
41,64,3
42,65,38
43,66,39
44,67,5
45,68,10
46,70,40
47,71,41
48,73,38
49,75,42
50,77,43
51,79,17
52,80,44
53,82,45
54,83,46
55,85,32
56,87,8
57,89,47
58,91,48
59,93,49
60,94,50
61,96,51
62,98,48
63,99,38
64,101,52
65,103,27
66,105,53
67,107,11
68,108,54
69,110,55
70,111,56
71,112,57
72,113,58
73,114,16
74,116,14
75,117,6
76,118,59
77,120,60
78,121,39
79,123,61
80,124,41
81,125,62
82,126,63
83,127,64
84,128,37
85,130,16
86,132,22
87,134,65
88,136,66
89,138,26
90,140,22
91,142,13
92,143,67
93,145,55
94,146,68
95,148,69
96,150,70
97,152,71
98,153,29
99,155,72
100,156,73
101,158,1
102,159,74
103,161,29
104,163,17
105,165,39
106,167,10
107,168,75
108,169,19
109,171,55
110,172,76
111,173,77
112,174,78
113,175,38
114,176,79
115,177,80
116,179,81
117,181,76
118,182,56
119,183,82
120,185,17
121,186,83
122,187,84
123,188,73
124,190,29
125,192,85
126,194,60
127,195,70
128,196,27
129,198,81
130,200,40
131,201,22
132,203,74
133,205,86
134,207,74
135,209,82
136,211,86
137,213,87
138,215,88
139,216,36
140,218,52
141,219,50
142,220,89
143,221,41
144,222,69
145,224,8
146,225,90
147,227,48
148,229,11
149,230,91
150,231,18
151,232,31
152,233,92
153,235,9
154,236,4
155,237,62
156,239,45
157,240,20
158,241,75
159,243,7
160,245,79
161,247,93
162,248,68
163,250,21
164,252,54
165,254,6
166,255,64
167,256,45
168,257,57
169,259,50
170,261,12
171,262,51
172,264,4
173,266,16
174,268,6
175,270,94
176,271,60
177,272,80
178,274,30
179,276,95
180,278,13
181,279,18
182,281,89
183,283,51
184,284,96
185,286,12
186,288,55
187,289,97
188,291,78
189,293,20
190,295,97
191,296,98
192,297,99
193,299,75
194,301,29
195,302,7
196,304,5
197,306,70
198,308,99
199,310,100
200,312,8
201,314,12
202,316,56
203,317,98
204,319,101
205,321,1
206,322,102
207,324,103
208,325,11
209,327,49
210,329,101
211,330,10
212,331,31
213,332,32
214,334,62
215,336,64
216,338,93
217,340,41
218,342,9
219,344,4
220,346,19
221,348,21
222,350,7
223,351,20
224,352,49
225,354,104
226,356,52
227,358,45
228,360,105
229,362,75
230,364,100
231,366,19
232,367,12
233,368,92
234,370,2
235,371,106
236,373,48
237,375,7
238,376,97
239,377,107
240,378,75
241,380,3
242,382,40
243,384,5
244,385,95
245,387,72
246,388,83
247,390,76
248,391,22
249,393,53
