payment_id,order_id,payment_method,amount,currency,payment_status,paid_at,transaction_id
200001,100001,bank_transfer,690171.91,ARS,captured,2025-08-25 20:25:58,TX-200001
200002,100002,debit_card,907395.76,ARS,captured,2025-07-24 02:53:32,TX-200002
200003,100003,mercado_pago,147561.16,ARS,captured,2025-07-27 05:00:42,TX-200003
200004,100004,mercado_pago,79154.58,ARS,captured,2025-08-31 00:25:10,TX-200004
200005,100004,bank_transfer,54435.76,ARS,captured,2025-08-31 04:54:10,TX-200005
200006,100006,mercado_pago,264194.17,ARS,captured,2025-08-20 12:59:38,TX-200006
200007,100007,credit_card,455605.02,ARS,captured,2025-07-29 09:12:48,TX-200007
200008,100008,credit_card,982708.07,ARS,captured,2025-08-11 04:30:26,TX-200008
200009,100009,debit_card,62903.64,ARS,captured,2025-06-04 20:18:30,TX-200009
200010,100009,mercado_pago,68590.25,ARS,captured,2025-06-04 22:31:30,TX-200010
200011,100011,credit_card,911851.36,ARS,captured,2025-07-05 11:43:29,TX-200011
200012,100012,bank_transfer,330851.52,ARS,authorized,,TX-200012
200013,100013,mercado_pago,397428.46,ARS,captured,2025-06-12 16:39:55,TX-200013
200014,100014,gift_card,45895.42,ARS,captured,2025-07-17 11:42:46,TX-200014
200015,100014,debit_card,102084.7,ARS,captured,2025-07-17 15:57:46,TX-200015
200016,100015,gift_card,542877.25,ARS,captured,2025-06-07 16:09:18,TX-200016
200017,100017,debit_card,528748.37,ARS,captured,2025-06-15 04:43:46,TX-200017
200018,100018,gift_card,868901.94,ARS,captured,2025-06-14 21:50:07,TX-200018
200019,100019,bank_transfer,398408.29,ARS,captured,2025-06-23 15:45:15,TX-200019
200020,100020,bank_transfer,610180.19,ARS,captured,2025-08-21 04:03:21,TX-200020
200021,100021,gift_card,627232.14,ARS,captured,2025-07-04 22:01:23,TX-200021
200022,100022,mercado_pago,1010279.94,ARS,captured,2025-08-16 02:53:19,TX-200022
200023,100023,gift_card,156153.31,ARS,captured,2025-08-13 16:26:22,TX-200023
200024,100024,gift_card,871945.27,ARS,captured,2025-07-08 15:20:03,TX-200024
200025,100025,debit_card,55416.57,ARS,captured,2025-07-29 13:10:43,TX-200025
200026,100025,bank_transfer,79621.59,ARS,captured,2025-07-29 14:32:43,TX-200026
200027,100027,debit_card,561258.52,ARS,captured,2025-08-13 17:48:15,TX-200027
200028,100028,mercado_pago,449495.71,ARS,captured,2025-06-24 17:25:45,TX-200028
200029,100029,mercado_pago,396365.83,ARS,captured,2025-06-13 16:52:57,TX-200029
200030,100030,mercado_pago,43056.13,ARS,captured,2025-07-12 22:13:22,TX-200030
200031,100033,bank_transfer,129347.28,ARS,captured,2025-07-31 23:10:28,TX-200031
200032,100034,credit_card,229809.37,ARS,captured,2025-06-22 15:10:38,TX-200032
200033,100036,credit_card,166198.95,ARS,captured,2025-08-12 13:20:03,TX-200033
200034,100039,debit_card,401109.41,ARS,captured,2025-07-06 23:06:29,TX-200034
200035,100040,credit_card,144140.86,ARS,authorized,,TX-200035
200036,100041,gift_card,438188.85,ARS,captured,2025-07-23 21:34:48,TX-200036
200037,100041,credit_card,518712.94,ARS,captured,2025-07-23 23:05:48,TX-200037
200038,100042,credit_card,218247.69,ARS,authorized,,TX-200038
200039,100043,bank_transfer,206649.59,ARS,authorized,,TX-200039
200040,100045,debit_card,723474.71,ARS,captured,2025-06-25 06:53:39,TX-200040
200041,100046,gift_card,277653.27,ARS,captured,2025-06-10 00:53:31,TX-200041
200042,100046,mercado_pago,477020.4,ARS,captured,2025-06-10 01:17:31,TX-200042
200043,100047,gift_card,535939.42,ARS,captured,2025-07-26 19:20:44,TX-200043
200044,100048,gift_card,555025.06,ARS,captured,2025-07-17 20:47:28,TX-200044
200045,100049,credit_card,513449.25,ARS,captured,2025-07-10 22:51:07,TX-200045
200046,100051,debit_card,157752.39,ARS,captured,2025-06-14 10:40:05,TX-200046
200047,100052,bank_transfer,117558.74,ARS,captured,2025-06-05 06:29:53,TX-200047
200048,100053,gift_card,1170560.45,ARS,captured,2025-07-08 00:54:58,TX-200048
200049,100054,gift_card,246058.75,ARS,captured,2025-07-12 21:26:17,TX-200049
200050,100054,debit_card,549763.61,ARS,captured,2025-07-12 22:16:17,TX-200050
200051,100055,bank_transfer,104016.21,ARS,captured,2025-08-04 14:54:39,TX-200051
200052,100056,credit_card,436782.37,ARS,captured,2025-07-20 06:13:22,TX-200052
200053,100056,mercado_pago,398685.08,ARS,captured,2025-07-20 08:18:22,TX-200053
200054,100058,bank_transfer,86265.17,ARS,captured,2025-07-27 06:00:24,TX-200054
200055,100058,gift_card,127215.13,ARS,captured,2025-07-27 07:04:24,TX-200055
200056,100059,debit_card,379324.8,ARS,captured,2025-08-13 20:34:27,TX-200056
200057,100060,debit_card,151798.98,ARS,captured,2025-07-09 12:45:58,TX-200057
200058,100060,bank_transfer,225748.84,ARS,captured,2025-07-09 13:35:58,TX-200058
200059,100061,debit_card,521301.27,ARS,captured,2025-08-14 02:51:27,TX-200059
200060,100062,mercado_pago,144803.0,ARS,captured,2025-08-14 12:13:31,TX-200060
200061,100062,gift_card,165599.59,ARS,captured,2025-08-14 16:10:31,TX-200061
200062,100063,debit_card,467953.58,ARS,captured,2025-08-21 03:08:01,TX-200062
200063,100064,gift_card,349193.48,ARS,captured,2025-06-21 01:15:26,TX-200063
200064,100065,mercado_pago,215101.3,ARS,captured,2025-07-14 09:08:36,TX-200064
200065,100065,bank_transfer,176648.2,ARS,captured,2025-07-14 12:56:36,TX-200065
200066,100066,bank_transfer,139418.27,ARS,captured,2025-06-22 15:38:26,TX-200066
200067,100066,credit_card,245156.66,ARS,captured,2025-06-22 19:15:26,TX-200067
200068,100067,credit_card,566694.91,ARS,captured,2025-08-13 18:44:20,TX-200068
200069,100068,bank_transfer,391408.36,ARS,captured,2025-07-25 11:14:23,TX-200069
200070,100069,gift_card,329097.82,ARS,authorized,,TX-200070
200071,100070,debit_card,51353.91,ARS,captured,2025-07-13 16:31:49,TX-200071
200072,100071,credit_card,210137.38,ARS,captured,2025-07-12 08:23:30,TX-200072
200073,100072,debit_card,539326.07,ARS,captured,2025-07-03 22:10:30,TX-200073
200074,100073,credit_card,725020.52,ARS,captured,2025-07-28 21:49:25,TX-200074
200075,100074,bank_transfer,796497.46,ARS,captured,2025-06-30 02:39:56,TX-200075
200076,100075,credit_card,435375.37,ARS,captured,2025-08-16 17:56:29,TX-200076
200077,100075,gift_card,452540.05,ARS,captured,2025-08-16 22:33:29,TX-200077
200078,100076,mercado_pago,657731.32,ARS,refunded,2025-08-12 06:07:20,TX-200078
200079,100077,gift_card,216916.82,ARS,authorized,,TX-200079
200080,100078,bank_transfer,226915.29,ARS,captured,2025-06-04 02:47:59,TX-200080
200081,100079,debit_card,418094.51,ARS,captured,2025-07-05 04:50:27,TX-200081
200082,100079,mercado_pago,303539.79,ARS,captured,2025-07-05 08:36:27,TX-200082
200083,100080,credit_card,341093.05,ARS,captured,2025-08-31 10:28:58,TX-200083
200084,100081,mercado_pago,196421.28,ARS,captured,2025-08-31 09:18:25,TX-200084
200085,100081,gift_card,132450.58,ARS,captured,2025-08-31 11:01:25,TX-200085
200086,100082,bank_transfer,23667.13,ARS,captured,2025-08-04 16:12:59,TX-200086
200087,100082,credit_card,10449.84,ARS,captured,2025-08-04 18:39:59,TX-200087
200088,100083,gift_card,320494.98,ARS,authorized,,TX-200088
200089,100084,debit_card,917039.57,ARS,captured,2025-08-25 20:53:17,TX-200089
200090,100085,gift_card,317555.77,ARS,captured,2025-06-06 04:34:24,TX-200090
200091,100086,mercado_pago,872209.05,ARS,captured,2025-07-22 07:29:20,TX-200091
200092,100087,debit_card,545817.98,ARS,captured,2025-08-09 07:18:07,TX-200092
200093,100088,mercado_pago,759271.64,ARS,captured,2025-06-29 11:19:18,TX-200093
200094,100089,bank_transfer,159109.6,ARS,captured,2025-06-15 21:32:26,TX-200094
200095,100090,mercado_pago,744387.92,ARS,captured,2025-07-20 08:28:31,TX-200095
200096,100091,debit_card,375367.73,ARS,captured,2025-07-20 13:14:20,TX-200096
200097,100092,credit_card,21087.38,ARS,captured,2025-07-14 23:59:57,TX-200097
200098,100093,mercado_pago,343625.24,ARS,captured,2025-07-29 22:32:01,TX-200098
200099,100094,debit_card,279665.05,ARS,captured,2025-07-03 01:34:58,TX-200099
200100,100095,credit_card,407551.31,ARS,captured,2025-07-02 20:15:43,TX-200100
200101,100096,credit_card,405658.58,ARS,captured,2025-08-13 04:10:21,TX-200101
200102,100097,gift_card,32089.62,ARS,captured,2025-07-20 21:52:44,TX-200102
200103,100097,bank_transfer,61113.53,ARS,captured,2025-07-21 02:01:44,TX-200103
200104,100098,debit_card,821448.4,ARS,captured,2025-08-13 16:52:30,TX-200104
200105,100099,bank_transfer,593423.5,ARS,refunded,2025-06-17 03:49:51,TX-200105
200106,100100,mercado_pago,581839.27,ARS,captured,2025-08-30 22:58:08,TX-200106
200107,100101,gift_card,70830.72,ARS,captured,2025-08-10 12:13:49,TX-200107
200108,100101,debit_card,50089.32,ARS,captured,2025-08-10 16:04:49,TX-200108
200109,100102,debit_card,15415.12,ARS,captured,2025-07-12 00:09:54,TX-200109
200110,100103,gift_card,45673.87,ARS,captured,2025-08-29 20:18:00,TX-200110
200111,100103,debit_card,60333.25,ARS,captured,2025-08-29 22:09:00,TX-200111
200112,100104,gift_card,606881.86,ARS,captured,2025-06-14 06:50:25,TX-200112
200113,100105,gift_card,194524.06,ARS,captured,2025-09-01 07:29:02,TX-200113
200114,100106,bank_transfer,399836.52,ARS,captured,2025-07-03 07:03:40,TX-200114
200115,100107,bank_transfer,430874.52,ARS,captured,2025-08-14 14:19:15,TX-200115
200116,100108,mercado_pago,79442.87,ARS,authorized,,TX-200116
200117,100110,debit_card,144274.42,ARS,captured,2025-08-24 23:25:10,TX-200117
200118,100111,gift_card,533656.62,ARS,captured,2025-07-31 07:21:55,TX-200118
200119,100112,mercado_pago,1042953.25,ARS,captured,2025-07-25 23:12:24,TX-200119
200120,100113,debit_card,539893.93,ARS,captured,2025-06-02 06:07:52,TX-200120
200121,100114,gift_card,127506.78,ARS,authorized,,TX-200121
200122,100115,mercado_pago,1248502.24,ARS,captured,2025-08-08 10:40:43,TX-200122
200123,100116,gift_card,291839.23,ARS,captured,2025-06-19 08:56:05,TX-200123
200124,100117,mercado_pago,377308.86,ARS,captured,2025-07-11 14:06:23,TX-200124
200125,100118,gift_card,507846.44,ARS,captured,2025-08-11 00:04:00,TX-200125
200126,100119,mercado_pago,450361.21,ARS,captured,2025-08-26 23:35:55,TX-200126
200127,100121,debit_card,777699.76,ARS,captured,2025-08-29 16:14:12,TX-200127
200128,100122,debit_card,983046.45,ARS,captured,2025-08-13 19:00:30,TX-200128
200129,100123,bank_transfer,468139.02,ARS,captured,2025-07-21 11:58:33,TX-200129
200130,100124,gift_card,419122.65,ARS,captured,2025-09-03 15:34:12,TX-200130
200131,100127,debit_card,876727.01,ARS,captured,2025-08-29 06:23:37,TX-200131
200132,100129,mercado_pago,30202.45,ARS,authorized,,TX-200132
200133,100130,bank_transfer,141977.62,ARS,captured,2025-07-01 05:47:08,TX-200133
200134,100131,gift_card,93203.15,ARS,captured,2025-08-18 03:36:24,TX-200134
200135,100132,credit_card,588577.11,ARS,captured,2025-07-07 03:34:28,TX-200135
200136,100133,gift_card,986887.19,ARS,captured,2025-06-02 13:28:22,TX-200136
200137,100134,bank_transfer,195839.1,ARS,captured,2025-08-15 05:19:52,TX-200137
200138,100134,mercado_pago,451870.28,ARS,captured,2025-08-15 07:56:52,TX-200138
200139,100135,credit_card,84094.67,ARS,captured,2025-08-09 06:48:41,TX-200139
200140,100135,mercado_pago,56335.44,ARS,captured,2025-08-09 08:34:41,TX-200140
200141,100136,bank_transfer,285668.79,ARS,authorized,,TX-200141
200142,100137,debit_card,406795.82,ARS,captured,2025-06-12 06:37:03,TX-200142
200143,100138,mercado_pago,529662.19,ARS,captured,2025-08-05 15:14:58,TX-200143
200144,100139,bank_transfer,119816.43,ARS,captured,2025-06-09 00:37:02,TX-200144
200145,100140,gift_card,381247.44,ARS,captured,2025-07-19 11:10:15,TX-200145
200146,100142,bank_transfer,569892.58,ARS,captured,2025-06-10 18:34:44,TX-200146
200147,100143,mercado_pago,19152.15,ARS,captured,2025-07-09 23:46:34,TX-200147
200148,100143,debit_card,34158.46,ARS,captured,2025-07-10 02:09:34,TX-200148
200149,100144,bank_transfer,453630.73,ARS,captured,2025-06-06 18:33:56,TX-200149
200150,100145,debit_card,535141.76,ARS,captured,2025-07-03 06:47:52,TX-200150
200151,100146,credit_card,123173.32,ARS,captured,2025-08-30 02:07:48,TX-200151
200152,100146,gift_card,118006.57,ARS,captured,2025-08-30 05:25:48,TX-200152
200153,100147,gift_card,192554.32,ARS,captured,2025-07-27 21:56:23,TX-200153
200154,100147,mercado_pago,413323.78,ARS,captured,2025-07-27 22:53:23,TX-200154
200155,100149,credit_card,563551.66,ARS,captured,2025-06-16 23:52:12,TX-200155
200156,100151,debit_card,211771.05,ARS,captured,2025-07-03 10:00:13,TX-200156
200157,100154,debit_card,44016.58,ARS,captured,2025-07-14 21:09:52,TX-200157
200158,100155,debit_card,322931.38,ARS,captured,2025-06-27 00:21:47,TX-200158
200159,100156,debit_card,535651.05,ARS,authorized,,TX-200159
200160,100158,credit_card,46084.95,ARS,captured,2025-08-05 17:40:38,TX-200160
200161,100158,gift_card,34349.61,ARS,captured,2025-08-05 19:43:38,TX-200161
200162,100160,mercado_pago,30741.74,ARS,captured,2025-07-08 15:52:44,TX-200162
200163,100160,bank_transfer,19755.86,ARS,captured,2025-07-08 18:08:44,TX-200163
200164,100162,credit_card,392056.14,ARS,captured,2025-08-22 23:04:38,TX-200164
200165,100163,bank_transfer,220662.82,ARS,authorized,,TX-200165
200166,100164,bank_transfer,651718.74,ARS,captured,2025-06-05 06:23:53,TX-200166
200167,100165,gift_card,1357888.66,ARS,captured,2025-06-09 01:21:56,TX-200167
200168,100166,bank_transfer,623853.95,ARS,captured,2025-08-17 09:26:47,TX-200168
200169,100168,bank_transfer,895416.05,ARS,captured,2025-07-18 13:49:25,TX-200169
200170,100169,mercado_pago,1164667.39,ARS,captured,2025-06-16 18:07:12,TX-200170
200171,100170,credit_card,117249.29,ARS,captured,2025-08-14 12:37:23,TX-200171
200172,100172,debit_card,108914.57,ARS,captured,2025-08-20 16:50:33,TX-200172
200173,100172,credit_card,154810.54,ARS,captured,2025-08-20 17:34:33,TX-200173
200174,100175,bank_transfer,784163.84,ARS,captured,2025-08-04 13:52:35,TX-200174
200175,100176,credit_card,103633.99,ARS,captured,2025-06-16 23:33:00,TX-200175
200176,100176,mercado_pago,138821.19,ARS,captured,2025-06-17 01:27:00,TX-200176
200177,100177,bank_transfer,488805.01,ARS,captured,2025-07-01 01:11:49,TX-200177
200178,100178,debit_card,309195.71,ARS,captured,2025-07-08 09:20:12,TX-200178
200179,100179,gift_card,880644.17,ARS,captured,2025-07-22 18:54:15,TX-200179
200180,100180,gift_card,474687.44,ARS,captured,2025-06-12 02:36:07,TX-200180
200181,100182,gift_card,219564.83,ARS,captured,2025-07-13 02:31:49,TX-200181
200182,100183,debit_card,248167.32,ARS,captured,2025-06-30 12:29:02,TX-200182
200183,100183,mercado_pago,412238.82,ARS,captured,2025-06-30 17:05:02,TX-200183
200184,100184,mercado_pago,41673.91,ARS,captured,2025-06-15 16:59:40,TX-200184
200185,100185,bank_transfer,96296.97,ARS,captured,2025-08-30 19:41:16,TX-200185
200186,100185,gift_card,219333.61,ARS,captured,2025-08-30 22:37:16,TX-200186
200187,100188,gift_card,598885.11,ARS,captured,2025-07-09 17:49:27,TX-200187
200188,100189,credit_card,230801.72,ARS,captured,2025-08-17 12:29:38,TX-200188
200189,100190,mercado_pago,327641.66,ARS,refunded,2025-09-04 09:51:17,TX-200189
200190,100191,mercado_pago,610551.7,ARS,captured,2025-07-12 03:44:15,TX-200190
200191,100192,debit_card,248898.77,ARS,authorized,,TX-200191
200192,100194,gift_card,300402.11,ARS,captured,2025-08-07 07:14:54,TX-200192
200193,100194,credit_card,700890.57,ARS,captured,2025-08-07 11:45:54,TX-200193
200194,100195,credit_card,144617.96,ARS,captured,2025-08-26 22:45:46,TX-200194
200195,100196,debit_card,159212.25,ARS,captured,2025-06-17 01:53:32,TX-200195
200196,100196,bank_transfer,80990.88,ARS,captured,2025-06-17 05:52:32,TX-200196
200197,100197,credit_card,211990.87,ARS,captured,2025-09-01 10:07:00,TX-200197
200198,100198,debit_card,260600.75,ARS,captured,2025-06-25 00:58:22,TX-200198
200199,100199,bank_transfer,148186.35,ARS,captured,2025-06-13 16:04:32,TX-200199
200200,100199,mercado_pago,221357.54,ARS,captured,2025-06-13 18:04:32,TX-200200
200201,100200,debit_card,608044.22,ARS,captured,2025-08-14 03:14:53,TX-200201
200202,100201,mercado_pago,855571.14,ARS,captured,2025-08-12 03:02:12,TX-200202
200203,100202,credit_card,260673.54,ARS,captured,2025-07-02 00:40:40,TX-200203
200204,100204,mercado_pago,30023.55,ARS,captured,2025-08-03 02:56:30,TX-200204
200205,100205,gift_card,288422.16,ARS,captured,2025-06-27 09:28:08,TX-200205
200206,100206,credit_card,371846.87,ARS,captured,2025-08-17 15:53:02,TX-200206
200207,100207,debit_card,586515.99,ARS,captured,2025-07-22 19:24:20,TX-200207
200208,100209,bank_transfer,71765.3,ARS,captured,2025-08-03 09:37:55,TX-200208
200209,100209,mercado_pago,70997.89,ARS,captured,2025-08-03 10:03:55,TX-200209
200210,100210,gift_card,76049.21,ARS,authorized,,TX-200210
200211,100213,debit_card,108280.98,ARS,captured,2025-07-20 08:12:53,TX-200211
200212,100214,debit_card,618901.11,ARS,captured,2025-07-30 00:55:29,TX-200212
200213,100215,credit_card,156805.06,ARS,captured,2025-08-10 21:06:25,TX-200213
200214,100216,bank_transfer,997005.89,ARS,captured,2025-08-13 18:47:25,TX-200214
200215,100217,bank_transfer,41295.44,ARS,captured,2025-08-05 19:25:10,TX-200215
200216,100218,mercado_pago,524926.52,ARS,captured,2025-07-08 01:56:24,TX-200216
200217,100219,credit_card,695783.53,ARS,captured,2025-08-06 19:35:38,TX-200217
200218,100220,debit_card,416458.92,ARS,captured,2025-08-18 05:41:50,TX-200218
200219,100222,bank_transfer,970360.48,ARS,captured,2025-07-02 20:38:08,TX-200219
200220,100223,debit_card,748625.96,ARS,captured,2025-07-13 06:58:20,TX-200220
200221,100224,gift_card,305987.39,ARS,captured,2025-08-20 17:14:12,TX-200221
200222,100225,mercado_pago,303342.66,ARS,captured,2025-06-08 09:42:51,TX-200222
200223,100225,credit_card,205442.01,ARS,captured,2025-06-08 10:26:51,TX-200223
200224,100226,bank_transfer,719760.16,ARS,captured,2025-07-28 00:23:17,TX-200224
200225,100227,credit_card,518977.89,ARS,captured,2025-09-01 22:56:35,TX-200225
200226,100227,gift_card,421258.15,ARS,captured,2025-09-02 03:48:35,TX-200226
200227,100228,credit_card,1052018.07,ARS,captured,2025-08-03 05:51:51,TX-200227
200228,100229,mercado_pago,385115.55,ARS,captured,2025-07-20 20:31:39,TX-200228
200229,100230,bank_transfer,267691.23,ARS,captured,2025-06-10 14:45:16,TX-200229
200230,100233,gift_card,397608.94,ARS,captured,2025-08-02 09:54:32,TX-200230
200231,100234,mercado_pago,702298.15,ARS,captured,2025-08-28 08:35:49,TX-200231
200232,100234,credit_card,611697.21,ARS,captured,2025-08-28 11:48:49,TX-200232
200233,100236,gift_card,147848.13,ARS,captured,2025-06-03 20:06:43,TX-200233
200234,100236,debit_card,86824.36,ARS,captured,2025-06-03 22:27:43,TX-200234
200235,100237,debit_card,193514.75,ARS,captured,2025-06-13 14:45:34,TX-200235
200236,100238,bank_transfer,48620.6,ARS,captured,2025-06-24 12:09:24,TX-200236
200237,100238,mercado_pago,67704.16,ARS,captured,2025-06-24 13:01:24,TX-200237
200238,100240,mercado_pago,124875.58,ARS,captured,2025-06-07 17:44:13,TX-200238
200239,100241,debit_card,609901.19,ARS,captured,2025-08-06 23:55:36,TX-200239
200240,100241,gift_card,275333.61,ARS,captured,2025-08-07 02:50:36,TX-200240
200241,100243,credit_card,528434.6,ARS,captured,2025-08-28 14:27:32,TX-200241
200242,100244,bank_transfer,13455.28,ARS,captured,2025-06-14 05:36:28,TX-200242
200243,100245,bank_transfer,139200.58,ARS,captured,2025-06-12 15:28:31,TX-200243
200244,100245,gift_card,83472.59,ARS,captured,2025-06-12 15:57:31,TX-200244
200245,100246,debit_card,714231.86,ARS,captured,2025-06-08 06:20:34,TX-200245
200246,100248,bank_transfer,367371.62,ARS,captured,2025-07-26 11:14:20,TX-200246
200247,100249,mercado_pago,1199188.32,ARS,captured,2025-06-30 22:19:12,TX-200247
200248,100251,gift_card,649900.34,ARS,captured,2025-06-17 07:31:51,TX-200248
200249,100252,bank_transfer,132916.97,ARS,captured,2025-08-25 12:16:19,TX-200249
200250,100253,bank_transfer,161227.47,ARS,captured,2025-06-22 19:40:00,TX-200250
200251,100255,bank_transfer,313671.51,ARS,captured,2025-09-02 14:37:31,TX-200251
200252,100255,debit_card,475980.61,ARS,captured,2025-09-02 16:57:31,TX-200252
200253,100256,debit_card,450498.66,ARS,captured,2025-07-07 07:28:04,TX-200253
200254,100257,bank_transfer,323244.31,ARS,captured,2025-08-06 16:49:00,TX-200254
200255,100258,gift_card,628359.48,ARS,captured,2025-07-12 05:30:57,TX-200255
200256,100259,mercado_pago,845481.22,ARS,captured,2025-07-19 20:11:44,TX-200256
200257,100260,debit_card,350210.59,ARS,captured,2025-08-21 15:39:35,TX-200257
200258,100261,mercado_pago,493842.58,ARS,captured,2025-06-18 08:06:57,TX-200258
200259,100262,bank_transfer,274441.94,ARS,authorized,,TX-200259
200260,100263,bank_transfer,368206.89,ARS,captured,2025-06-28 03:25:35,TX-200260
200261,100264,mercado_pago,372738.18,ARS,captured,2025-07-10 20:09:01,TX-200261
200262,100265,gift_card,620369.76,ARS,captured,2025-09-01 11:19:05,TX-200262
200263,100266,bank_transfer,571586.83,ARS,captured,2025-08-03 09:35:17,TX-200263
200264,100267,gift_card,238269.21,ARS,captured,2025-07-24 13:31:33,TX-200264
200265,100268,mercado_pago,603645.8,ARS,captured,2025-06-20 01:28:33,TX-200265
200266,100269,credit_card,135308.81,ARS,captured,2025-06-11 17:34:55,TX-200266
200267,100270,gift_card,138649.98,ARS,authorized,,TX-200267
200268,100271,credit_card,293896.61,ARS,captured,2025-08-13 16:54:44,TX-200268
200269,100272,gift_card,300845.86,ARS,captured,2025-07-29 18:58:01,TX-200269
200270,100272,mercado_pago,306134.64,ARS,captured,2025-07-29 21:45:01,TX-200270
200271,100273,mercado_pago,24026.72,ARS,captured,2025-06-16 05:38:13,TX-200271
200272,100274,debit_card,215587.88,ARS,captured,2025-07-22 11:09:42,TX-200272
200273,100274,credit_card,121813.34,ARS,captured,2025-07-22 12:19:42,TX-200273
200274,100276,gift_card,371606.02,ARS,captured,2025-06-04 18:41:40,TX-200274
200275,100277,debit_card,399909.55,ARS,captured,2025-07-04 09:40:03,TX-200275
200276,100278,mercado_pago,647153.46,ARS,captured,2025-08-16 15:14:45,TX-200276
200277,100279,mercado_pago,476568.13,ARS,captured,2025-07-04 18:17:52,TX-200277
200278,100280,gift_card,211940.29,ARS,captured,2025-08-09 01:06:58,TX-200278
200279,100281,gift_card,248842.37,ARS,captured,2025-08-01 03:43:14,TX-200279
200280,100282,bank_transfer,688200.66,ARS,captured,2025-06-21 23:01:46,TX-200280
200281,100283,debit_card,318337.35,ARS,captured,2025-07-16 21:54:25,TX-200281
200282,100286,credit_card,1188615.16,ARS,captured,2025-08-14 19:40:59,TX-200282
200283,100287,gift_card,562980.49,ARS,captured,2025-08-30 12:31:35,TX-200283
200284,100288,debit_card,913421.59,ARS,captured,2025-06-14 05:09:07,TX-200284
200285,100290,debit_card,140016.45,ARS,captured,2025-06-21 14:58:05,TX-200285
200286,100292,gift_card,328549.33,ARS,captured,2025-07-05 23:42:13,TX-200286
200287,100293,credit_card,43125.61,ARS,authorized,,TX-200287
200288,100294,gift_card,386674.65,ARS,captured,2025-08-04 06:41:09,TX-200288
200289,100295,bank_transfer,36784.57,ARS,captured,2025-07-15 05:14:39,TX-200289
200290,100296,credit_card,165817.75,ARS,captured,2025-06-15 00:08:07,TX-200290
200291,100297,debit_card,96621.91,ARS,captured,2025-07-13 05:36:38,TX-200291
200292,100297,gift_card,187653.3,ARS,captured,2025-07-13 08:33:38,TX-200292
200293,100298,credit_card,117399.37,ARS,captured,2025-07-14 20:11:59,TX-200293
200294,100298,mercado_pago,261878.84,ARS,captured,2025-07-15 01:03:59,TX-200294
200295,100299,gift_card,330210.75,ARS,captured,2025-07-19 15:34:45,TX-200295
200296,100300,credit_card,60019.07,ARS,captured,2025-06-29 13:39:43,TX-200296
200297,100300,mercado_pago,72591.77,ARS,captured,2025-06-29 13:46:43,TX-200297
200298,100301,credit_card,349293.8,ARS,captured,2025-07-25 23:43:51,TX-200298
200299,100301,gift_card,257329.94,ARS,captured,2025-07-26 00:47:51,TX-200299
200300,100302,debit_card,361376.56,ARS,captured,2025-08-08 01:17:58,TX-200300
200301,100303,debit_card,190718.12,ARS,captured,2025-07-12 00:35:35,TX-200301
200302,100304,credit_card,133631.58,ARS,captured,2025-08-09 06:38:08,TX-200302
200303,100304,bank_transfer,309784.49,ARS,captured,2025-08-09 11:33:08,TX-200303
200304,100305,credit_card,130282.44,ARS,captured,2025-07-18 05:08:59,TX-200304
200305,100307,gift_card,382775.51,ARS,captured,2025-06-21 08:07:14,TX-200305
200306,100308,gift_card,135478.35,ARS,captured,2025-08-07 14:43:14,TX-200306
200307,100309,debit_card,783337.07,ARS,captured,2025-07-18 17:23:28,TX-200307
200308,100310,bank_transfer,450821.58,ARS,captured,2025-06-17 01:22:50,TX-200308
200309,100310,gift_card,545734.23,ARS,captured,2025-06-17 02:54:50,TX-200309
200310,100311,credit_card,311582.32,ARS,captured,2025-06-26 13:17:12,TX-200310
200311,100315,debit_card,296911.71,ARS,captured,2025-06-15 20:50:15,TX-200311
200312,100317,mercado_pago,14041.97,ARS,captured,2025-08-27 20:32:49,TX-200312
200313,100318,bank_transfer,528036.91,ARS,captured,2025-08-27 20:09:46,TX-200313
200314,100319,credit_card,534734.0,ARS,captured,2025-07-31 07:48:35,TX-200314
200315,100320,gift_card,119373.66,ARS,captured,2025-06-23 11:44:36,TX-200315
200316,100322,debit_card,446227.67,ARS,captured,2025-08-18 21:37:46,TX-200316
200317,100323,mercado_pago,1004430.91,ARS,captured,2025-07-08 07:39:07,TX-200317
200318,100324,gift_card,744354.95,ARS,authorized,,TX-200318
200319,100325,credit_card,1422887.39,ARS,captured,2025-08-23 04:47:32,TX-200319
200320,100326,credit_card,199482.6,ARS,captured,2025-06-16 14:29:37,TX-200320
200321,100328,gift_card,418387.47,ARS,captured,2025-07-05 22:10:41,TX-200321
200322,100328,bank_transfer,354476.07,ARS,captured,2025-07-05 23:59:41,TX-200322
200323,100329,bank_transfer,486694.23,ARS,captured,2025-06-29 04:35:13,TX-200323
200324,100330,gift_card,89452.61,ARS,captured,2025-06-06 13:32:49,TX-200324
200325,100331,gift_card,128932.28,ARS,captured,2025-08-01 13:21:22,TX-200325
200326,100332,bank_transfer,540323.06,ARS,captured,2025-07-08 00:53:19,TX-200326
200327,100334,debit_card,766722.0,ARS,captured,2025-07-26 06:07:09,TX-200327
200328,100335,gift_card,415382.0,ARS,captured,2025-07-16 16:48:37,TX-200328
200329,100336,debit_card,177325.34,ARS,captured,2025-06-27 23:43:56,TX-200329
200330,100338,bank_transfer,792488.44,ARS,captured,2025-07-15 05:07:48,TX-200330
200331,100339,bank_transfer,1033509.94,ARS,captured,2025-08-15 17:01:40,TX-200331
200332,100340,mercado_pago,58816.6,ARS,captured,2025-07-27 08:13:36,TX-200332
200333,100341,debit_card,1220828.85,ARS,captured,2025-06-17 04:14:29,TX-200333
200334,100342,mercado_pago,202842.23,ARS,authorized,,TX-200334
200335,100343,credit_card,655875.62,ARS,captured,2025-06-26 02:17:07,TX-200335
200336,100344,gift_card,206554.37,ARS,captured,2025-08-21 09:43:35,TX-200336
200337,100345,mercado_pago,629787.67,ARS,captured,2025-06-15 11:49:42,TX-200337
200338,100346,mercado_pago,916138.6,ARS,captured,2025-08-01 00:10:51,TX-200338
200339,100347,bank_transfer,431842.33,ARS,captured,2025-07-06 05:41:13,TX-200339
200340,100347,gift_card,209207.32,ARS,captured,2025-07-06 10:27:13,TX-200340
200341,100348,mercado_pago,309476.01,ARS,authorized,,TX-200341
200342,100349,gift_card,225467.89,ARS,captured,2025-07-18 10:36:20,TX-200342
200343,100350,bank_transfer,564152.19,ARS,captured,2025-07-25 12:10:13,TX-200343
200344,100351,bank_transfer,93110.95,ARS,captured,2025-06-11 15:27:56,TX-200344
200345,100353,debit_card,91967.03,ARS,captured,2025-07-10 13:04:00,TX-200345
200346,100354,bank_transfer,150843.36,ARS,captured,2025-06-27 20:56:28,TX-200346
200347,100355,bank_transfer,290991.8,ARS,captured,2025-08-30 22:00:01,TX-200347
200348,100355,gift_card,309847.23,ARS,captured,2025-08-31 02:46:01,TX-200348
200349,100356,debit_card,171774.82,ARS,captured,2025-07-09 16:36:11,TX-200349
200350,100357,debit_card,157940.3,ARS,captured,2025-06-21 12:35:46,TX-200350
200351,100358,gift_card,296474.55,ARS,captured,2025-06-15 08:45:21,TX-200351
200352,100359,gift_card,57269.57,ARS,captured,2025-06-10 12:49:23,TX-200352
200353,100359,credit_card,36350.51,ARS,captured,2025-06-10 14:12:23,TX-200353
200354,100360,debit_card,87756.51,ARS,captured,2025-08-22 14:43:30,TX-200354
200355,100360,gift_card,120610.03,ARS,captured,2025-08-22 18:22:30,TX-200355
200356,100361,gift_card,905198.5,ARS,captured,2025-07-21 12:04:23,TX-200356
200357,100362,credit_card,561340.03,ARS,captured,2025-08-30 16:44:28,TX-200357
200358,100363,credit_card,1000364.83,ARS,captured,2025-08-17 07:54:39,TX-200358
200359,100364,credit_card,99696.11,ARS,captured,2025-08-31 08:00:25,TX-200359
200360,100364,gift_card,43027.4,ARS,captured,2025-08-31 08:05:25,TX-200360
200361,100365,debit_card,926527.55,ARS,captured,2025-08-29 20:12:32,TX-200361
200362,100366,mercado_pago,16842.13,ARS,captured,2025-06-28 02:13:46,TX-200362
200363,100366,bank_transfer,9620.54,ARS,captured,2025-06-28 03:53:46,TX-200363
200364,100367,gift_card,128174.91,ARS,authorized,,TX-200364
200365,100368,bank_transfer,601830.61,ARS,captured,2025-08-10 20:29:56,TX-200365
200366,100369,mercado_pago,83073.01,ARS,captured,2025-06-04 03:19:25,TX-200366
200367,100369,bank_transfer,168326.44,ARS,captured,2025-06-04 03:32:25,TX-200367
200368,100370,mercado_pago,307818.05,ARS,captured,2025-08-15 09:46:12,TX-200368
200369,100370,debit_card,344615.02,ARS,captured,2025-08-15 13:56:12,TX-200369
200370,100371,gift_card,31400.18,ARS,captured,2025-06-03 04:43:18,TX-200370
200371,100371,bank_transfer,20381.12,ARS,captured,2025-06-03 09:09:18,TX-200371
200372,100372,bank_transfer,256161.18,ARS,captured,2025-08-21 02:47:36,TX-200372
200373,100373,credit_card,439050.53,ARS,captured,2025-06-06 08:33:49,TX-200373
200374,100375,gift_card,268339.36,ARS,captured,2025-06-14 21:37:09,TX-200374
200375,100376,credit_card,7236.59,ARS,captured,2025-08-26 16:49:59,TX-200375
200376,100376,debit_card,9464.27,ARS,captured,2025-08-26 17:29:59,TX-200376
200377,100377,debit_card,282124.8,ARS,captured,2025-06-18 07:09:59,TX-200377
200378,100378,debit_card,75638.43,ARS,captured,2025-08-13 12:42:44,TX-200378
200379,100379,mercado_pago,596690.23,ARS,captured,2025-06-28 07:07:17,TX-200379
200380,100380,debit_card,281602.96,ARS,captured,2025-06-30 21:21:36,TX-200380
200381,100385,credit_card,330216.16,ARS,captured,2025-06-17 17:34:36,TX-200381
200382,100386,gift_card,200272.66,ARS,authorized,,TX-200382
200383,100387,debit_card,31505.19,ARS,captured,2025-08-12 17:58:54,TX-200383
200384,100387,credit_card,18588.48,ARS,captured,2025-08-12 19:34:54,TX-200384
200385,100388,gift_card,529370.86,ARS,captured,2025-08-09 17:22:30,TX-200385
200386,100389,credit_card,133258.02,ARS,captured,2025-08-18 05:24:01,TX-200386
200387,100390,credit_card,210717.7,ARS,captured,2025-06-18 01:36:57,TX-200387
200388,100392,gift_card,197047.83,ARS,captured,2025-08-27 21:03:36,TX-200388
200389,100393,mercado_pago,197804.43,ARS,captured,2025-06-12 05:52:15,TX-200389
200390,100393,credit_card,116299.09,ARS,captured,2025-06-12 08:37:15,TX-200390
200391,100394,credit_card,177802.99,ARS,authorized,,TX-200391
200392,100395,debit_card,955582.24,ARS,captured,2025-06-07 20:19:59,TX-200392
200393,100396,gift_card,309019.6,ARS,captured,2025-06-06 01:44:01,TX-200393
200394,100397,debit_card,297078.42,ARS,captured,2025-08-20 07:44:46,TX-200394
200395,100397,mercado_pago,158718.21,ARS,captured,2025-08-20 12:19:46,TX-200395
200396,100398,mercado_pago,359560.44,ARS,captured,2025-06-26 15:41:53,TX-200396
200397,100399,bank_transfer,884216.96,ARS,captured,2025-07-16 20:04:31,TX-200397
200398,100400,credit_card,87669.63,ARS,captured,2025-06-14 03:58:09,TX-200398
200399,100400,gift_card,101821.27,ARS,captured,2025-06-14 04:45:09,TX-200399
