,order_id,customer_id,order_status,order_date,channel_id,billing_address_id,shipping_address_id,currency_x,shipping_amount,order_subtotal,order_discount,order_tax,order_total,created_at,payment_method,amount,currency_y,payment_status,paid_at,transaction_id
0,100001,228,delivered,2025-08-24 05:25:58,1,359.0,358,ARS,0.0,608021.07,37631.06,119781.9,690171.91,2025-08-24 05:25:58,bank_transfer,690171.91,ARS,captured,2025-08-25 20:25:58,TX-200001
1,100002,101,delivered,2025-07-22 13:53:32,3,157.0,156,ARS,0.0,791961.63,42047.78,157481.91,907395.76,2025-07-22 13:53:32,debit_card,907395.76,ARS,captured,2025-07-24 02:53:32,TX-200002
2,100003,99,paid,2025-07-25 22:00:42,3,154.0,153,ARS,0.0,138581.1,16629.73,25609.79,147561.16,2025-07-25 22:00:42,mercado_pago,147561.16,ARS,captured,2025-07-27 05:00:42,TX-200003
3,100004,9,shipped,2025-08-30 13:25:10,1,,14,ARS,0.0,125460.5,15055.26,23185.1,133590.34,2025-08-30 13:25:10,mercado_pago,79154.58,ARS,captured,2025-08-31 00:25:10,TX-200004
4,100004,9,shipped,2025-08-30 13:25:10,1,,14,ARS,0.0,125460.5,15055.26,23185.1,133590.34,2025-08-30 13:25:10,bank_transfer,54435.76,ARS,captured,2025-08-31 04:54:10,TX-200005
5,100005,108,canceled,2025-07-08 10:31:47,3,,168,ARS,0.0,823628.91,82362.89,155665.86,896931.88,2025-07-08 10:31:47,,,,,,
6,100006,14,delivered,2025-08-19 00:59:38,3,,21,ARS,0.0,229681.2,11338.91,45851.88,264194.17,2025-08-19 00:59:38,mercado_pago,264194.17,ARS,captured,2025-08-20 12:59:38,TX-200006
7,100007,198,paid,2025-07-27 23:12:48,4,307.0,306,ARS,0.0,427878.49,51345.42,79071.94,455605.02,2025-07-27 23:12:48,credit_card,455605.02,ARS,captured,2025-07-29 09:12:48,TX-200007
8,100008,78,delivered,2025-08-08 08:30:26,4,,120,ARS,0.0,863637.37,51481.94,170552.64,982708.07,2025-08-08 08:30:26,credit_card,982708.07,ARS,captured,2025-08-11 04:30:26,TX-200008
9,100009,174,paid,2025-06-02 00:18:30,2,267.0,266,ARS,0.0,108672.64,0.0,22821.25,131493.89,2025-06-02 00:18:30,debit_card,62903.64,ARS,captured,2025-06-04 20:18:30,TX-200009
10,100009,174,paid,2025-06-02 00:18:30,2,267.0,266,ARS,0.0,108672.64,0.0,22821.25,131493.89,2025-06-02 00:18:30,mercado_pago,68590.25,ARS,captured,2025-06-04 22:31:30,TX-200010
11,100010,15,canceled,2025-08-21 04:26:03,2,,22,ARS,0.0,325132.8,6502.66,66912.33,385542.47,2025-08-21 04:26:03,,,,,,
12,100011,230,delivered,2025-07-03 10:43:29,1,363.0,362,ARS,0.0,789062.52,35466.35,158255.19,911851.36,2025-07-03 10:43:29,credit_card,911851.36,ARS,captured,2025-07-05 11:43:29,TX-200011
13,100012,65,created,2025-08-03 05:25:10,4,102.0,101,ARS,0.0,445442.67,31180.99,86994.95,501256.64,2025-08-03 05:25:10,bank_transfer,330851.52,ARS,authorized,,TX-200012
14,100013,123,shipped,2025-06-09 19:39:55,4,,187,ARS,0.0,369949.18,41495.91,68975.19,397428.46,2025-06-09 19:39:55,mercado_pago,397428.46,ARS,captured,2025-06-12 16:39:55,TX-200013
15,100014,100,shipped,2025-07-16 17:42:46,1,,155,ARS,0.0,124793.49,2495.87,25682.5,147980.12,2025-07-16 17:42:46,gift_card,45895.42,ARS,captured,2025-07-17 11:42:46,TX-200014
16,100014,100,shipped,2025-07-16 17:42:46,1,,155,ARS,0.0,124793.49,2495.87,25682.5,147980.12,2025-07-16 17:42:46,debit_card,102084.7,ARS,captured,2025-07-17 15:57:46,TX-200015
17,100015,149,delivered,2025-06-05 05:09:18,2,,229,ARS,0.0,472724.62,24065.74,94218.37,542877.25,2025-06-05 05:09:18,gift_card,542877.25,ARS,captured,2025-06-07 16:09:18,TX-200016
18,100016,45,pending,2025-07-06 05:08:32,3,,67,ARS,0.0,369894.29,16181.98,74279.58,427991.89,2025-07-06 05:08:32,,,,,,
19,100017,2,paid,2025-06-12 23:43:46,1,,3,ARS,0.0,462381.58,25399.45,91766.25,528748.37,2025-06-12 23:43:46,debit_card,528748.37,ARS,captured,2025-06-15 04:43:46,TX-200017
20,100018,184,shipped,2025-06-12 22:50:07,4,,283,ARS,0.0,720585.79,2485.01,150801.16,868901.94,2025-06-12 22:50:07,gift_card,868901.94,ARS,captured,2025-06-14 21:50:07,TX-200018
21,100019,190,delivered,2025-06-23 05:45:15,1,294.0,293,ARS,0.0,329263.05,0.0,69145.24,398408.29,2025-06-23 05:45:15,bank_transfer,398408.29,ARS,captured,2025-06-23 15:45:15,TX-200019
22,100020,35,delivered,2025-08-20 13:03:21,4,,54,ARS,0.0,537427.46,33146.31,105899.04,610180.19,2025-08-20 13:03:21,bank_transfer,610180.19,ARS,captured,2025-08-21 04:03:21,TX-200020
23,100021,187,delivered,2025-07-02 09:01:23,4,,288,ARS,0.0,524438.15,6064.48,108858.47,627232.14,2025-07-02 09:01:23,gift_card,627232.14,ARS,captured,2025-07-04 22:01:23,TX-200021
24,100022,42,delivered,2025-08-14 00:53:19,4,,64,ARS,0.0,901990.76,67048.66,175337.84,1010279.94,2025-08-14 00:53:19,mercado_pago,1010279.94,ARS,captured,2025-08-16 02:53:19,TX-200022
25,100023,94,paid,2025-08-11 02:26:22,3,,145,ARS,0.0,143255.91,14203.59,27100.99,156153.31,2025-08-11 02:26:22,gift_card,156153.31,ARS,captured,2025-08-13 16:26:22,TX-200023
26,100024,195,paid,2025-07-05 18:20:03,2,,301,ARS,0.0,791545.87,70929.94,151329.34,871945.27,2025-07-05 18:20:03,gift_card,871945.27,ARS,captured,2025-07-08 15:20:03,TX-200024
27,100025,205,paid,2025-07-29 03:10:43,1,320.0,319,ARS,0.0,117475.56,5873.78,23436.37,135038.16,2025-07-29 03:10:43,debit_card,55416.57,ARS,captured,2025-07-29 13:10:43,TX-200025
28,100025,205,paid,2025-07-29 03:10:43,1,320.0,319,ARS,0.0,117475.56,5873.78,23436.37,135038.16,2025-07-29 03:10:43,bank_transfer,79621.59,ARS,captured,2025-07-29 14:32:43,TX-200026
29,100026,76,canceled,2025-08-09 04:48:25,4,,117,ARS,0.0,330484.26,16158.07,66008.5,380334.69,2025-08-09 04:48:25,,,,,,
30,100027,152,shipped,2025-08-12 04:48:15,4,,232,ARS,0.0,485647.64,21797.63,97408.5,561258.52,2025-08-12 04:48:15,debit_card,561258.52,ARS,captured,2025-08-13 17:48:15,TX-200027
31,100028,38,shipped,2025-06-21 19:25:45,3,59.0,58,ARS,0.0,388539.94,17055.88,78011.65,449495.71,2025-06-21 19:25:45,mercado_pago,449495.71,ARS,captured,2025-06-24 17:25:45,TX-200028
32,100029,216,shipped,2025-06-12 11:52:57,2,337.0,336,ARS,0.0,363972.3,36397.23,68790.76,396365.83,2025-06-12 11:52:57,mercado_pago,396365.83,ARS,captured,2025-06-13 16:52:57,TX-200029
33,100030,4,paid,2025-07-10 16:13:22,3,,6,ARS,4449.17,34308.15,2401.57,6700.38,43056.13,2025-07-10 16:13:22,mercado_pago,43056.13,ARS,captured,2025-07-12 22:13:22,TX-200030
34,100031,230,pending,2025-08-15 21:46:12,4,363.0,362,ARS,0.0,94810.32,4740.52,18914.66,108984.46,2025-08-15 21:46:12,,,,,,
35,100032,194,pending,2025-07-23 23:15:29,4,300.0,299,ARS,0.0,499625.48,48767.7,94680.13,545537.91,2025-07-23 23:15:29,,,,,,
36,100033,214,shipped,2025-07-30 08:10:28,3,333.0,332,ARS,0.0,112524.82,5626.24,22448.7,129347.28,2025-07-30 08:10:28,bank_transfer,129347.28,ARS,captured,2025-07-31 23:10:28,TX-200031
37,100034,96,delivered,2025-06-21 21:10:38,1,149.0,148,ARS,0.0,204220.54,14295.44,39884.27,229809.37,2025-06-21 21:10:38,credit_card,229809.37,ARS,captured,2025-06-22 15:10:38,TX-200032
38,100035,177,pending,2025-08-14 12:48:08,3,,271,ARS,0.0,66046.18,6253.32,12556.5,72349.36,2025-08-14 12:48:08,,,,,,
39,100036,40,delivered,2025-08-11 22:20:03,2,,61,ARS,0.0,137354.5,0.0,28844.44,166198.95,2025-08-11 22:20:03,credit_card,166198.95,ARS,captured,2025-08-12 13:20:03,TX-200033
40,100037,109,pending,2025-08-01 15:42:04,1,170.0,169,ARS,0.0,131464.18,0.0,27607.48,159071.66,2025-08-01 15:42:04,,,,,,
41,100038,233,created,2025-07-09 00:22:26,3,,367,ARS,0.0,391122.93,7822.46,80493.1,463793.57,2025-07-09 00:22:26,,,,,,
42,100039,24,delivered,2025-07-06 21:06:29,2,37.0,36,ARS,0.0,368328.2,36832.82,69614.03,401109.41,2025-07-06 21:06:29,debit_card,401109.41,ARS,captured,2025-07-06 23:06:29,TX-200034
43,100040,195,pending,2025-06-15 18:55:21,3,,301,ARS,0.0,373439.5,44812.74,69011.62,397638.38,2025-06-15 18:55:21,credit_card,144140.86,ARS,authorized,,TX-200035
44,100041,80,paid,2025-07-23 10:34:48,4,,123,ARS,0.0,829566.53,38738.61,166073.86,956901.79,2025-07-23 10:34:48,gift_card,438188.85,ARS,captured,2025-07-23 21:34:48,TX-200036
45,100041,80,paid,2025-07-23 10:34:48,4,,123,ARS,0.0,829566.53,38738.61,166073.86,956901.79,2025-07-23 10:34:48,credit_card,518712.94,ARS,captured,2025-07-23 23:05:48,TX-200037
46,100042,153,pending,2025-07-25 18:10:19,4,234.0,233,ARS,0.0,268062.23,15584.51,53020.32,305498.04,2025-07-25 18:10:19,credit_card,218247.69,ARS,authorized,,TX-200038
47,100043,161,created,2025-06-07 02:29:02,2,246.0,245,ARS,0.0,289873.87,18646.81,56957.68,328184.74,2025-06-07 02:29:02,bank_transfer,206649.59,ARS,authorized,,TX-200039
48,100044,140,canceled,2025-06-05 15:40:14,1,217.0,216,ARS,0.0,83218.74,4160.94,16602.14,95659.94,2025-06-05 15:40:14,,,,,,
49,100045,143,delivered,2025-06-22 17:53:39,3,,220,ARS,0.0,651860.45,53947.47,125561.73,723474.71,2025-06-22 17:53:39,debit_card,723474.71,ARS,captured,2025-06-25 06:53:39,TX-200040
50,100046,89,shipped,2025-06-08 08:53:31,3,137.0,136,ARS,0.0,634056.09,10358.85,130976.42,754673.67,2025-06-08 08:53:31,gift_card,277653.27,ARS,captured,2025-06-10 00:53:31,TX-200041
51,100046,89,shipped,2025-06-08 08:53:31,3,137.0,136,ARS,0.0,634056.09,10358.85,130976.42,754673.67,2025-06-08 08:53:31,mercado_pago,477020.4,ARS,captured,2025-06-10 01:17:31,TX-200042
52,100047,43,paid,2025-07-26 07:20:44,3,,65,ARS,0.0,479965.24,37040.1,93014.28,535939.42,2025-07-26 07:20:44,gift_card,535939.42,ARS,captured,2025-07-26 19:20:44,TX-200043
53,100048,146,shipped,2025-07-15 02:47:28,4,,224,ARS,0.0,478078.32,19379.92,96326.66,555025.06,2025-07-15 02:47:28,gift_card,555025.06,ARS,captured,2025-07-17 20:47:28,TX-200044
54,100049,62,delivered,2025-07-09 15:51:07,2,97.0,96,ARS,0.0,458676.02,34337.8,89111.03,513449.25,2025-07-09 15:51:07,credit_card,513449.25,ARS,captured,2025-07-10 22:51:07,TX-200045
55,100050,201,pending,2025-06-11 11:25:44,1,313.0,312,ARS,0.0,139178.35,11944.62,26719.08,153952.81,2025-06-11 11:25:44,,,,,,
56,100051,213,shipped,2025-06-12 08:40:05,3,,331,ARS,0.0,144859.86,14485.99,27378.51,157752.39,2025-06-12 08:40:05,debit_card,157752.39,ARS,captured,2025-06-14 10:40:05,TX-200046
57,100052,184,delivered,2025-06-03 23:29:53,3,,283,ARS,0.0,110404.53,13248.54,20402.76,117558.74,2025-06-03 23:29:53,bank_transfer,117558.74,ARS,captured,2025-06-05 06:29:53,TX-200047
58,100053,226,delivered,2025-07-06 02:54:58,4,355.0,354,ARS,0.0,1029630.28,62224.95,203155.12,1170560.45,2025-07-06 02:54:58,gift_card,1170560.45,ARS,captured,2025-07-08 00:54:58,TX-200048
59,100054,176,delivered,2025-07-11 16:26:17,4,,270,ARS,0.0,686708.08,29003.65,138117.93,795822.36,2025-07-11 16:26:17,gift_card,246058.75,ARS,captured,2025-07-12 21:26:17,TX-200049
60,100054,176,delivered,2025-07-11 16:26:17,4,,270,ARS,0.0,686708.08,29003.65,138117.93,795822.36,2025-07-11 16:26:17,debit_card,549763.61,ARS,captured,2025-07-12 22:16:17,TX-200050
61,100055,49,paid,2025-08-03 13:54:39,3,74.0,73,ARS,0.0,96023.61,10059.8,18052.4,104016.21,2025-08-03 13:54:39,bank_transfer,104016.21,ARS,captured,2025-08-04 14:54:39,TX-200051
62,100056,61,delivered,2025-07-18 21:13:22,4,95.0,94,ARS,0.0,720900.83,30431.87,144998.48,835467.45,2025-07-18 21:13:22,credit_card,436782.37,ARS,captured,2025-07-20 06:13:22,TX-200052
63,100056,61,delivered,2025-07-18 21:13:22,4,95.0,94,ARS,0.0,720900.83,30431.87,144998.48,835467.45,2025-07-18 21:13:22,mercado_pago,398685.08,ARS,captured,2025-07-20 08:18:22,TX-200053
64,100057,136,pending,2025-06-15 11:24:20,4,210.0,209,ARS,0.0,278690.24,13934.51,55598.7,320354.43,2025-06-15 11:24:20,,,,,,
65,100058,213,shipped,2025-07-26 06:00:24,3,,331,ARS,0.0,187816.13,11386.13,37050.3,213480.3,2025-07-26 06:00:24,bank_transfer,86265.17,ARS,captured,2025-07-27 06:00:24,TX-200054
66,100058,213,shipped,2025-07-26 06:00:24,3,,331,ARS,0.0,187816.13,11386.13,37050.3,213480.3,2025-07-26 06:00:24,gift_card,127215.13,ARS,captured,2025-07-27 07:04:24,TX-200055
67,100059,150,shipped,2025-08-13 06:34:27,1,,230,ARS,0.0,330122.23,16630.66,65833.23,379324.8,2025-08-13 06:34:27,debit_card,379324.8,ARS,captured,2025-08-13 20:34:27,TX-200056
68,100060,221,delivered,2025-07-07 11:45:58,1,347.0,346,ARS,0.0,346692.21,34669.22,65524.83,377547.82,2025-07-07 11:45:58,debit_card,151798.98,ARS,captured,2025-07-09 12:45:58,TX-200057
69,100060,221,delivered,2025-07-07 11:45:58,1,347.0,346,ARS,0.0,346692.21,34669.22,65524.83,377547.82,2025-07-07 11:45:58,bank_transfer,225748.84,ARS,captured,2025-07-09 13:35:58,TX-200058
70,100061,115,shipped,2025-08-12 21:51:27,4,,176,ARS,0.0,468683.6,37856.1,90473.77,521301.27,2025-08-12 21:51:27,debit_card,521301.27,ARS,captured,2025-08-14 02:51:27,TX-200059
71,100062,106,shipped,2025-08-12 09:13:31,1,166.0,165,ARS,0.0,259304.48,2773.42,53871.52,310402.59,2025-08-12 09:13:31,mercado_pago,144803.0,ARS,captured,2025-08-14 12:13:31,TX-200060
72,100062,106,shipped,2025-08-12 09:13:31,1,166.0,165,ARS,0.0,259304.48,2773.42,53871.52,310402.59,2025-08-12 09:13:31,gift_card,165599.59,ARS,captured,2025-08-14 16:10:31,TX-200061
73,100063,223,paid,2025-08-18 13:08:01,4,,350,ARS,0.0,406986.82,20248.33,81215.08,467953.58,2025-08-18 13:08:01,debit_card,467953.58,ARS,captured,2025-08-21 03:08:01,TX-200062
74,100064,23,delivered,2025-06-19 17:15:26,3,35.0,34,ARS,0.0,323868.24,35278.59,60603.83,349193.48,2025-06-19 17:15:26,gift_card,349193.48,ARS,captured,2025-06-21 01:15:26,TX-200063
75,100065,16,shipped,2025-07-11 20:08:36,1,,23,ARS,0.0,348128.94,24369.03,67989.58,391749.5,2025-07-11 20:08:36,mercado_pago,215101.3,ARS,captured,2025-07-14 09:08:36,TX-200064
76,100065,16,shipped,2025-07-11 20:08:36,1,,23,ARS,0.0,348128.94,24369.03,67989.58,391749.5,2025-07-11 20:08:36,bank_transfer,176648.2,ARS,captured,2025-07-14 12:56:36,TX-200065
77,100066,189,delivered,2025-06-21 22:38:26,3,292.0,291,ARS,0.0,342697.59,24867.07,66744.41,384574.93,2025-06-21 22:38:26,bank_transfer,139418.27,ARS,captured,2025-06-22 15:38:26,TX-200066
78,100066,189,delivered,2025-06-21 22:38:26,3,292.0,291,ARS,0.0,342697.59,24867.07,66744.41,384574.93,2025-06-21 22:38:26,credit_card,245156.66,ARS,captured,2025-06-22 19:15:26,TX-200067
79,100067,201,delivered,2025-08-11 09:44:20,3,313.0,312,ARS,0.0,482263.14,13920.24,98352.01,566694.91,2025-08-11 09:44:20,credit_card,566694.91,ARS,captured,2025-08-13 18:44:20,TX-200068
80,100068,218,shipped,2025-07-24 00:14:23,2,341.0,340,ARS,0.0,337504.34,14026.36,67930.38,391408.36,2025-07-24 00:14:23,bank_transfer,391408.36,ARS,captured,2025-07-25 11:14:23,TX-200069
81,100069,242,pending,2025-07-11 14:37:25,1,381.0,380,ARS,0.0,546517.28,60528.34,102057.68,588046.61,2025-07-11 14:37:25,gift_card,329097.82,ARS,authorized,,TX-200070
82,100070,180,delivered,2025-07-11 12:31:49,3,277.0,276,ARS,5522.7,42085.59,4208.56,7954.18,51353.91,2025-07-11 12:31:49,debit_card,51353.91,ARS,captured,2025-07-13 16:31:49,TX-200071
83,100071,8,paid,2025-07-09 15:23:30,3,13.0,12,ARS,0.0,182807.64,9140.38,36470.12,210137.38,2025-07-09 15:23:30,credit_card,210137.38,ARS,captured,2025-07-12 08:23:30,TX-200072
84,100072,147,shipped,2025-07-01 21:10:30,1,226.0,225,ARS,0.0,459712.94,13988.92,93602.05,539326.07,2025-07-01 21:10:30,debit_card,539326.07,ARS,captured,2025-07-03 22:10:30,TX-200073
85,100073,150,shipped,2025-07-27 17:49:25,4,,230,ARS,0.0,661872.02,62681.51,125830.01,725020.52,2025-07-27 17:49:25,credit_card,725020.52,ARS,captured,2025-07-28 21:49:25,TX-200074
86,100074,240,delivered,2025-06-28 06:39:56,3,,377,ARS,0.0,709854.81,51592.45,138235.1,796497.46,2025-06-28 06:39:56,bank_transfer,796497.46,ARS,captured,2025-06-30 02:39:56,TX-200075
87,100075,222,delivered,2025-08-13 22:56:29,2,349.0,348,ARS,0.0,735792.59,1978.19,154101.02,887915.42,2025-08-13 22:56:29,credit_card,435375.37,ARS,captured,2025-08-16 17:56:29,TX-200076
88,100075,222,delivered,2025-08-13 22:56:29,2,349.0,348,ARS,0.0,735792.59,1978.19,154101.02,887915.42,2025-08-13 22:56:29,gift_card,452540.05,ARS,captured,2025-08-16 22:33:29,TX-200077
89,100076,24,canceled,2025-08-09 06:07:20,1,37.0,36,ARS,0.0,560893.1,17313.5,114151.72,657731.32,2025-08-09 06:07:20,mercado_pago,657731.32,ARS,refunded,2025-08-12 06:07:20,TX-200078
90,100077,26,pending,2025-07-12 09:23:27,3,,40,ARS,0.0,536023.85,30566.59,106146.02,611603.28,2025-07-12 09:23:27,gift_card,216916.82,ARS,authorized,,TX-200079
91,100078,163,delivered,2025-06-03 09:47:59,2,249.0,248,ARS,0.0,213106.02,25572.72,39381.99,226915.29,2025-06-03 09:47:59,bank_transfer,226915.29,ARS,captured,2025-06-04 02:47:59,TX-200080
92,100079,239,paid,2025-07-03 13:50:27,4,,376,ARS,0.0,629700.79,33308.81,125242.32,721634.3,2025-07-03 13:50:27,debit_card,418094.51,ARS,captured,2025-07-05 04:50:27,TX-200081
93,100079,239,paid,2025-07-03 13:50:27,4,,376,ARS,0.0,629700.79,33308.81,125242.32,721634.3,2025-07-03 13:50:27,mercado_pago,303539.79,ARS,captured,2025-07-05 08:36:27,TX-200082
94,100080,243,shipped,2025-08-30 16:28:58,3,383.0,382,ARS,0.0,304902.07,23006.99,59197.97,341093.05,2025-08-30 16:28:58,credit_card,341093.05,ARS,captured,2025-08-31 10:28:58,TX-200083
95,100081,92,paid,2025-08-29 00:18:25,4,,142,ARS,0.0,277341.76,5546.84,57076.93,328871.86,2025-08-29 00:18:25,mercado_pago,196421.28,ARS,captured,2025-08-31 09:18:25,TX-200084
96,100081,92,paid,2025-08-29 00:18:25,4,,142,ARS,0.0,277341.76,5546.84,57076.93,328871.86,2025-08-29 00:18:25,gift_card,132450.58,ARS,captured,2025-08-31 11:01:25,TX-200085
97,100082,207,paid,2025-08-03 13:12:59,2,323.0,322,ARS,4241.81,28057.06,3366.85,5184.94,34116.97,2025-08-03 13:12:59,bank_transfer,23667.13,ARS,captured,2025-08-04 16:12:59,TX-200086
98,100082,207,paid,2025-08-03 13:12:59,2,323.0,322,ARS,4241.81,28057.06,3366.85,5184.94,34116.97,2025-08-03 13:12:59,credit_card,10449.84,ARS,captured,2025-08-04 18:39:59,TX-200087
99,100083,50,pending,2025-06-17 02:22:06,2,76.0,75,ARS,0.0,427284.45,14957.4,86588.68,498915.74,2025-06-17 02:22:06,gift_card,320494.98,ARS,authorized,,TX-200088
100,100084,1,shipped,2025-08-23 01:53:17,4,2.0,1,ARS,0.0,818357.99,60474.05,159155.63,917039.57,2025-08-23 01:53:17,debit_card,917039.57,ARS,captured,2025-08-25 20:53:17,TX-200089
101,100085,25,shipped,2025-06-04 21:34:24,1,39.0,38,ARS,0.0,276816.27,14373.48,55112.99,317555.77,2025-06-04 21:34:24,gift_card,317555.77,ARS,captured,2025-06-06 04:34:24,TX-200090
102,100086,14,delivered,2025-07-22 03:29:20,3,,21,ARS,0.0,808625.8,87791.87,151375.12,872209.05,2025-07-22 03:29:20,mercado_pago,872209.05,ARS,captured,2025-07-22 07:29:20,TX-200091
103,100087,132,paid,2025-08-09 05:18:07,3,202.0,201,ARS,0.0,488563.7,37474.46,94728.74,545817.98,2025-08-09 05:18:07,debit_card,545817.98,ARS,captured,2025-08-09 07:18:07,TX-200092
104,100088,109,paid,2025-06-26 23:19:18,3,170.0,169,ARS,0.0,683241.12,55743.9,131774.42,759271.64,2025-06-26 23:19:18,mercado_pago,759271.64,ARS,captured,2025-06-29 11:19:18,TX-200093
105,100089,77,paid,2025-06-14 16:32:26,4,119.0,118,ARS,0.0,131495.54,0.0,27614.06,159109.6,2025-06-14 16:32:26,bank_transfer,159109.6,ARS,captured,2025-06-15 21:32:26,TX-200094
106,100090,197,delivered,2025-07-19 07:28:31,3,305.0,304,ARS,0.0,636224.11,21027.48,129191.29,744387.92,2025-07-19 07:28:31,mercado_pago,744387.92,ARS,captured,2025-07-20 08:28:31,TX-200095
107,100091,79,paid,2025-07-18 06:14:20,4,122.0,121,ARS,0.0,344240.92,34019.65,65146.47,375367.73,2025-07-18 06:14:20,debit_card,375367.73,ARS,captured,2025-07-20 13:14:20,TX-200096
108,100092,219,delivered,2025-07-12 08:59:57,3,343.0,342,ARS,5810.31,14028.53,1402.85,2651.39,21087.38,2025-07-12 08:59:57,credit_card,21087.38,ARS,captured,2025-07-14 23:59:57,TX-200097
109,100093,54,delivered,2025-07-28 08:32:01,2,,82,ARS,0.0,295875.98,11888.18,59637.44,343625.24,2025-07-28 08:32:01,mercado_pago,343625.24,ARS,captured,2025-07-29 22:32:01,TX-200098
110,100094,165,delivered,2025-06-30 03:34:58,1,253.0,252,ARS,0.0,231128.14,0.0,48536.91,279665.05,2025-06-30 03:34:58,debit_card,279665.05,ARS,captured,2025-07-03 01:34:58,TX-200099
111,100095,168,delivered,2025-06-30 08:15:43,2,,256,ARS,0.0,379561.36,42742.09,70732.05,407551.31,2025-06-30 08:15:43,credit_card,407551.31,ARS,captured,2025-07-02 20:15:43,TX-200100
112,100096,77,shipped,2025-08-12 01:10:21,3,119.0,118,ARS,0.0,365841.34,30586.31,70403.56,405658.58,2025-08-12 01:10:21,credit_card,405658.58,ARS,captured,2025-08-13 04:10:21,TX-200101
113,100097,75,shipped,2025-07-18 18:52:44,1,,116,ARS,0.0,82825.16,5797.76,16175.75,93203.15,2025-07-18 18:52:44,gift_card,32089.62,ARS,captured,2025-07-20 21:52:44,TX-200102
114,100097,75,shipped,2025-07-18 18:52:44,1,,116,ARS,0.0,82825.16,5797.76,16175.75,93203.15,2025-07-18 18:52:44,bank_transfer,61113.53,ARS,captured,2025-07-21 02:01:44,TX-200103
115,100098,207,shipped,2025-08-12 17:52:30,2,323.0,322,ARS,0.0,713106.62,34223.65,142565.42,821448.4,2025-08-12 17:52:30,debit_card,821448.4,ARS,captured,2025-08-13 16:52:30,TX-200104
116,100099,196,canceled,2025-06-10 03:49:51,1,303.0,302,ARS,0.0,501497.01,11064.37,102990.85,593423.5,2025-06-10 03:49:51,bank_transfer,593423.5,ARS,refunded,2025-06-17 03:49:51,TX-200105
117,100100,10,paid,2025-08-30 04:58:08,1,,15,ARS,0.0,521285.65,40426.75,100980.37,581839.27,2025-08-30 04:58:08,mercado_pago,581839.27,ARS,captured,2025-08-30 22:58:08,TX-200106
118,100101,26,paid,2025-08-08 14:13:49,2,,40,ARS,0.0,102664.03,2730.11,20986.12,120920.04,2025-08-08 14:13:49,gift_card,70830.72,ARS,captured,2025-08-10 12:13:49,TX-200107
119,100101,26,paid,2025-08-08 14:13:49,2,,40,ARS,0.0,102664.03,2730.11,20986.12,120920.04,2025-08-08 14:13:49,debit_card,50089.32,ARS,captured,2025-08-10 16:04:49,TX-200108
120,100102,170,paid,2025-07-10 16:09:54,1,260.0,259,ARS,4602.69,9608.49,672.59,1876.54,15415.12,2025-07-10 16:09:54,debit_card,15415.12,ARS,captured,2025-07-12 00:09:54,TX-200109
121,100103,4,delivered,2025-08-27 02:18:00,3,,6,ARS,0.0,91736.66,4127.47,18397.93,106007.12,2025-08-27 02:18:00,gift_card,45673.87,ARS,captured,2025-08-29 20:18:00,TX-200110
122,100103,4,delivered,2025-08-27 02:18:00,3,,6,ARS,0.0,91736.66,4127.47,18397.93,106007.12,2025-08-27 02:18:00,debit_card,60333.25,ARS,captured,2025-08-29 22:09:00,TX-200111
123,100104,27,paid,2025-06-13 21:50:25,2,42.0,41,ARS,0.0,542232.71,40677.46,105326.6,606881.86,2025-06-13 21:50:25,gift_card,606881.86,ARS,captured,2025-06-14 06:50:25,TX-200112
124,100105,164,shipped,2025-08-30 00:29:02,2,251.0,250,ARS,0.0,175966.27,15202.58,33760.37,194524.06,2025-08-30 00:29:02,gift_card,194524.06,ARS,captured,2025-09-01 07:29:02,TX-200113
125,100106,209,delivered,2025-06-30 12:03:40,3,326.0,325,ARS,0.0,350591.79,20148.39,69393.11,399836.52,2025-06-30 12:03:40,bank_transfer,399836.52,ARS,captured,2025-07-03 07:03:40,TX-200114
126,100107,46,paid,2025-08-13 16:19:15,2,69.0,68,ARS,0.0,377026.26,20931.62,74779.87,430874.52,2025-08-13 16:19:15,bank_transfer,430874.52,ARS,captured,2025-08-14 14:19:15,TX-200115
127,100108,210,created,2025-07-19 15:33:39,4,328.0,327,ARS,0.0,107072.22,10707.22,20236.65,116601.65,2025-07-19 15:33:39,mercado_pago,79442.87,ARS,authorized,,TX-200116
128,100109,97,pending,2025-06-18 17:05:06,4,151.0,150,ARS,0.0,245965.95,19561.08,47545.02,273949.9,2025-06-18 17:05:06,,,,,,
129,100110,96,shipped,2025-08-22 21:25:10,4,149.0,148,ARS,0.0,119235.06,0.0,25039.36,144274.42,2025-08-22 21:25:10,debit_card,144274.42,ARS,captured,2025-08-24 23:25:10,TX-200117
130,100111,179,paid,2025-07-29 05:21:55,2,275.0,274,ARS,0.0,477089.8,36051.27,92618.09,533656.62,2025-07-29 05:21:55,gift_card,533656.62,ARS,captured,2025-07-31 07:21:55,TX-200118
131,100112,225,paid,2025-07-25 09:12:24,4,353.0,352,ARS,0.0,892160.73,30215.89,181008.42,1042953.25,2025-07-25 09:12:24,mercado_pago,1042953.25,ARS,captured,2025-07-25 23:12:24,TX-200119
132,100113,239,delivered,2025-06-01 06:07:52,4,,376,ARS,0.0,470417.57,24224.24,93700.6,539893.93,2025-06-01 06:07:52,debit_card,539893.93,ARS,captured,2025-06-02 06:07:52,TX-200120
133,100114,32,pending,2025-06-04 21:19:21,3,50.0,49,ARS,0.0,124659.5,2718.93,25607.52,147548.09,2025-06-04 21:19:21,gift_card,127506.78,ARS,authorized,,TX-200121
134,100115,134,paid,2025-08-06 09:40:43,1,206.0,205,ARS,0.0,1103145.2,71325.17,216682.21,1248502.24,2025-08-06 09:40:43,mercado_pago,1248502.24,ARS,captured,2025-08-08 10:40:43,TX-200122
135,100116,223,delivered,2025-06-18 00:56:05,4,,350,ARS,0.0,274078.92,32889.47,50649.78,291839.23,2025-06-18 00:56:05,gift_card,291839.23,ARS,captured,2025-06-19 08:56:05,TX-200123
136,100117,169,delivered,2025-07-08 22:06:23,1,258.0,257,ARS,0.0,341408.14,29582.64,65483.36,377308.86,2025-07-08 22:06:23,mercado_pago,377308.86,ARS,captured,2025-07-11 14:06:23,TX-200124
137,100118,122,delivered,2025-08-08 23:04:00,1,,186,ARS,0.0,456761.76,37053.96,88138.64,507846.44,2025-08-08 23:04:00,gift_card,507846.44,ARS,captured,2025-08-11 00:04:00,TX-200125
138,100119,109,delivered,2025-08-26 04:35:55,3,170.0,169,ARS,0.0,384134.2,11934.85,78161.86,450361.21,2025-08-26 04:35:55,mercado_pago,450361.21,ARS,captured,2025-08-26 23:35:55,TX-200126
139,100120,181,pending,2025-07-13 05:33:34,4,,278,ARS,0.0,272399.79,30847.9,50725.9,292277.79,2025-07-13 05:33:34,,,,,,
140,100121,141,paid,2025-08-26 17:14:12,4,,218,ARS,0.0,663634.29,20907.21,134972.69,777699.76,2025-08-26 17:14:12,debit_card,777699.76,ARS,captured,2025-08-29 16:14:12,TX-200127
141,100122,78,delivered,2025-08-13 05:00:30,4,,120,ARS,0.0,890289.97,77854.89,170611.37,983046.45,2025-08-13 05:00:30,debit_card,983046.45,ARS,captured,2025-08-13 19:00:30,TX-200128
142,100123,153,delivered,2025-07-19 23:58:33,2,234.0,233,ARS,0.0,416012.64,29120.88,81247.27,468139.02,2025-07-19 23:58:33,bank_transfer,468139.02,ARS,captured,2025-07-21 11:58:33,TX-200129
143,100124,33,paid,2025-08-31 19:34:12,1,52.0,51,ARS,0.0,381625.02,35242.67,72740.29,419122.65,2025-08-31 19:34:12,gift_card,419122.65,ARS,captured,2025-09-03 15:34:12,TX-200130
144,100125,32,canceled,2025-06-16 06:34:40,2,50.0,49,ARS,0.0,101255.4,2017.78,20839.9,120077.52,2025-06-16 06:34:40,,,,,,
145,100126,66,pending,2025-06-16 18:25:41,1,104.0,103,ARS,0.0,324138.1,1349.71,67785.56,390573.96,2025-06-16 18:25:41,,,,,,
146,100127,114,shipped,2025-08-28 11:23:37,2,,175,ARS,0.0,733109.87,8542.09,152159.23,876727.01,2025-08-28 11:23:37,debit_card,876727.01,ARS,captured,2025-08-29 06:23:37,TX-200131
147,100128,188,canceled,2025-08-29 23:30:16,3,290.0,289,ARS,0.0,235022.4,19087.17,45346.4,261281.63,2025-08-29 23:30:16,,,,,,
148,100129,247,pending,2025-06-16 19:21:00,2,389.0,388,ARS,0.0,145816.1,0.0,30621.38,176437.48,2025-06-16 19:21:00,mercado_pago,30202.45,ARS,authorized,,TX-200132
149,100130,3,paid,2025-06-29 13:47:08,1,5.0,4,ARS,0.0,130374.31,13037.43,24640.74,141977.62,2025-06-29 13:47:08,bank_transfer,141977.62,ARS,captured,2025-07-01 05:47:08,TX-200133
150,100131,222,shipped,2025-08-17 03:36:24,3,349.0,348,ARS,0.0,82825.16,5797.76,16175.75,93203.15,2025-08-17 03:36:24,gift_card,93203.15,ARS,captured,2025-08-18 03:36:24,TX-200134
151,100132,91,shipped,2025-07-06 15:34:28,4,141.0,140,ARS,0.0,496354.45,9927.09,102149.75,588577.11,2025-07-06 15:34:28,credit_card,588577.11,ARS,captured,2025-07-07 03:34:28,TX-200135
152,100133,104,shipped,2025-06-01 15:28:22,1,162.0,161,ARS,0.0,896321.22,80711.97,171277.94,986887.19,2025-06-01 15:28:22,gift_card,986887.19,ARS,captured,2025-06-02 13:28:22,TX-200136
153,100134,55,delivered,2025-08-12 14:19:52,1,84.0,83,ARS,0.0,594774.45,59477.45,112412.37,647709.38,2025-08-12 14:19:52,bank_transfer,195839.1,ARS,captured,2025-08-15 05:19:52,TX-200137
154,100134,55,delivered,2025-08-12 14:19:52,1,84.0,83,ARS,0.0,594774.45,59477.45,112412.37,647709.38,2025-08-12 14:19:52,mercado_pago,451870.28,ARS,captured,2025-08-15 07:56:52,TX-200138
155,100135,94,delivered,2025-08-08 09:48:41,4,,145,ARS,0.0,124793.49,8735.54,24372.17,140430.11,2025-08-08 09:48:41,credit_card,84094.67,ARS,captured,2025-08-09 06:48:41,TX-200139
156,100135,94,delivered,2025-08-08 09:48:41,4,,145,ARS,0.0,124793.49,8735.54,24372.17,140430.11,2025-08-08 09:48:41,mercado_pago,56335.44,ARS,captured,2025-08-09 08:34:41,TX-200140
157,100136,237,pending,2025-06-14 00:46:12,4,374.0,373,ARS,0.0,328922.94,19851.58,64904.99,373976.35,2025-06-14 00:46:12,bank_transfer,285668.79,ARS,authorized,,TX-200141
158,100137,123,paid,2025-06-11 15:37:03,3,,187,ARS,0.0,366987.83,30792.94,70600.93,406795.82,2025-06-11 15:37:03,debit_card,406795.82,ARS,captured,2025-06-12 06:37:03,TX-200142
159,100138,181,delivered,2025-08-04 22:14:58,1,,278,ARS,0.0,490495.3,52757.95,91924.84,529662.19,2025-08-04 22:14:58,mercado_pago,529662.19,ARS,captured,2025-08-05 15:14:58,TX-200143
160,100139,108,paid,2025-06-07 06:37:02,2,,168,ARS,0.0,112524.82,13502.98,20794.59,119816.43,2025-06-07 06:37:02,bank_transfer,119816.43,ARS,captured,2025-06-09 00:37:02,TX-200144
161,100140,48,delivered,2025-07-17 12:10:15,3,72.0,71,ARS,0.0,349165.25,34084.72,66166.91,381247.44,2025-07-17 12:10:15,gift_card,381247.44,ARS,captured,2025-07-19 11:10:15,TX-200145
162,100141,78,canceled,2025-06-26 19:25:34,4,,120,ARS,0.0,150030.82,7999.84,29826.51,171857.49,2025-06-26 19:25:34,,,,,,
163,100142,115,delivered,2025-06-09 17:34:44,1,,176,ARS,0.0,479252.84,8267.23,98906.98,569892.58,2025-06-09 17:34:44,bank_transfer,569892.58,ARS,captured,2025-06-10 18:34:44,TX-200146
164,100143,67,delivered,2025-07-08 09:46:34,3,106.0,105,ARS,3201.39,41412.58,0.0,8696.64,53310.61,2025-07-08 09:46:34,mercado_pago,19152.15,ARS,captured,2025-07-09 23:46:34,TX-200147
165,100143,67,delivered,2025-07-08 09:46:34,3,106.0,105,ARS,3201.39,41412.58,0.0,8696.64,53310.61,2025-07-08 09:46:34,debit_card,34158.46,ARS,captured,2025-07-10 02:09:34,TX-200148
166,100144,248,paid,2025-06-03 19:33:56,3,,390,ARS,0.0,394633.08,19731.65,78729.3,453630.73,2025-06-03 19:33:56,bank_transfer,453630.73,ARS,captured,2025-06-06 18:33:56,TX-200149
167,100145,162,paid,2025-06-30 15:47:52,4,,247,ARS,0.0,453832.94,11567.03,92875.84,535141.76,2025-06-30 15:47:52,debit_card,535141.76,ARS,captured,2025-07-03 06:47:52,TX-200150
168,100146,227,delivered,2025-08-27 22:07:48,2,357.0,356,ARS,0.0,204447.81,5125.58,41857.67,241179.89,2025-08-27 22:07:48,credit_card,123173.32,ARS,captured,2025-08-30 02:07:48,TX-200151
169,100146,227,delivered,2025-08-27 22:07:48,2,357.0,356,ARS,0.0,204447.81,5125.58,41857.67,241179.89,2025-08-27 22:07:48,gift_card,118006.57,ARS,captured,2025-08-30 05:25:48,TX-200152
170,100147,36,delivered,2025-07-27 05:56:23,4,56.0,55,ARS,0.0,542430.46,41704.76,105152.4,605878.1,2025-07-27 05:56:23,gift_card,192554.32,ARS,captured,2025-07-27 21:56:23,TX-200153
171,100147,36,delivered,2025-07-27 05:56:23,4,56.0,55,ARS,0.0,542430.46,41704.76,105152.4,605878.1,2025-07-27 05:56:23,mercado_pago,413323.78,ARS,captured,2025-07-27 22:53:23,TX-200154
172,100148,158,pending,2025-06-11 01:34:41,3,,240,ARS,0.0,495342.25,23719.88,99040.7,570663.06,2025-06-11 01:34:41,,,,,,
173,100149,160,paid,2025-06-14 09:52:12,3,244.0,243,ARS,0.0,503637.54,37892.37,97806.49,563551.66,2025-06-14 09:52:12,credit_card,563551.66,ARS,captured,2025-06-16 23:52:12,TX-200155
174,100150,24,canceled,2025-06-24 14:01:05,3,37.0,36,ARS,0.0,832027.39,63619.9,161365.57,929773.06,2025-06-24 14:01:05,,,,,,
175,100151,137,shipped,2025-06-30 14:00:13,4,212.0,211,ARS,0.0,188190.75,13173.35,36753.65,211771.05,2025-06-30 14:00:13,debit_card,211771.05,ARS,captured,2025-07-03 10:00:13,TX-200156
176,100152,54,pending,2025-06-18 04:16:06,2,,82,ARS,0.0,111187.42,0.0,23349.36,134536.78,2025-06-18 04:16:06,,,,,,
177,100153,223,created,2025-07-17 05:08:37,2,,350,ARS,3415.1,37572.9,0.0,7890.31,48878.31,2025-07-17 05:08:37,,,,,,
178,100154,36,shipped,2025-07-14 16:09:52,3,56.0,55,ARS,360.0,36816.14,736.32,7576.76,44016.58,2025-07-14 16:09:52,debit_card,44016.58,ARS,captured,2025-07-14 21:09:52,TX-200157
179,100155,103,paid,2025-06-24 20:21:47,1,160.0,159,ARS,0.0,280932.04,14046.6,56045.94,322931.38,2025-06-24 20:21:47,debit_card,322931.38,ARS,captured,2025-06-27 00:21:47,TX-200158
180,100156,50,pending,2025-06-10 13:12:20,3,76.0,75,ARS,0.0,541783.86,6976.22,112309.6,647117.25,2025-06-10 13:12:20,debit_card,535651.05,ARS,authorized,,TX-200159
181,100157,69,canceled,2025-08-12 01:38:01,1,109.0,108,ARS,0.0,421672.4,21201.35,84098.92,484569.96,2025-08-12 01:38:01,,,,,,
182,100158,25,shipped,2025-08-04 03:40:38,3,39.0,38,ARS,0.0,68920.2,2445.35,13959.72,80434.56,2025-08-04 03:40:38,credit_card,46084.95,ARS,captured,2025-08-05 17:40:38,TX-200160
183,100158,25,shipped,2025-08-04 03:40:38,3,39.0,38,ARS,0.0,68920.2,2445.35,13959.72,80434.56,2025-08-04 03:40:38,gift_card,34349.61,ARS,captured,2025-08-05 19:43:38,TX-200161
184,100159,62,canceled,2025-08-17 02:43:50,2,97.0,96,ARS,0.0,227629.02,15169.33,44616.53,257076.22,2025-08-17 02:43:50,,,,,,
185,100160,117,paid,2025-07-08 05:52:44,3,180.0,179,ARS,2120.21,42085.59,2104.28,8396.08,50497.6,2025-07-08 05:52:44,mercado_pago,30741.74,ARS,captured,2025-07-08 15:52:44,TX-200162
186,100160,117,paid,2025-07-08 05:52:44,3,180.0,179,ARS,2120.21,42085.59,2104.28,8396.08,50497.6,2025-07-08 05:52:44,bank_transfer,19755.86,ARS,captured,2025-07-08 18:08:44,TX-200163
187,100161,241,canceled,2025-08-02 01:26:29,1,379.0,378,ARS,0.0,254704.62,14207.88,50504.32,291001.06,2025-08-02 01:26:29,,,,,,
188,100162,225,shipped,2025-08-22 02:04:38,1,353.0,352,ARS,0.0,343083.72,19070.38,68042.8,392056.14,2025-08-22 02:04:38,credit_card,392056.14,ARS,captured,2025-08-22 23:04:38,TX-200164
189,100163,55,pending,2025-07-29 01:23:37,4,84.0,83,ARS,0.0,351740.85,37783.34,65931.08,379888.59,2025-07-29 01:23:37,bank_transfer,220662.82,ARS,authorized,,TX-200165
190,100164,55,paid,2025-06-03 15:23:53,1,84.0,83,ARS,0.0,542387.51,3776.98,113108.21,651718.74,2025-06-03 15:23:53,bank_transfer,651718.74,ARS,captured,2025-06-05 06:23:53,TX-200166
191,100165,229,paid,2025-06-07 03:21:56,3,361.0,360,ARS,0.0,1203800.11,81578.07,235666.63,1357888.66,2025-06-07 03:21:56,gift_card,1357888.66,ARS,captured,2025-06-09 01:21:56,TX-200167
192,100166,51,delivered,2025-08-14 22:26:47,1,78.0,77,ARS,0.0,569424.23,53842.46,108272.17,623853.95,2025-08-14 22:26:47,bank_transfer,623853.95,ARS,captured,2025-08-17 09:26:47,TX-200168
193,100167,90,canceled,2025-08-26 21:00:07,2,139.0,138,ARS,0.0,224195.34,0.0,47081.02,271276.36,2025-08-26 21:00:07,,,,,,
194,100168,167,shipped,2025-07-16 12:49:25,4,,255,ARS,0.0,786535.67,46522.4,155402.79,895416.05,2025-07-16 12:49:25,bank_transfer,895416.05,ARS,captured,2025-07-18 13:49:25,TX-200169
195,100169,58,shipped,2025-06-15 07:07:12,4,90.0,89,ARS,0.0,1048906.46,86371.42,202132.36,1164667.39,2025-06-15 07:07:12,mercado_pago,1164667.39,ARS,captured,2025-06-16 18:07:12,TX-200170
196,100170,165,delivered,2025-08-13 15:37:23,4,253.0,252,ARS,0.0,100466.82,3566.58,20349.05,117249.29,2025-08-13 15:37:23,credit_card,117249.29,ARS,captured,2025-08-14 12:37:23,TX-200171
197,100171,7,canceled,2025-08-21 22:59:32,2,11.0,10,ARS,0.0,372541.62,31197.37,71682.29,413026.54,2025-08-21 22:59:32,,,,,,
198,100172,71,delivered,2025-08-20 00:50:33,1,,111,ARS,0.0,242171.82,24217.18,45770.47,263725.11,2025-08-20 00:50:33,debit_card,108914.57,ARS,captured,2025-08-20 16:50:33,TX-200172
199,100172,71,delivered,2025-08-20 00:50:33,1,,111,ARS,0.0,242171.82,24217.18,45770.47,263725.11,2025-08-20 00:50:33,credit_card,154810.54,ARS,captured,2025-08-20 17:34:33,TX-200173
200,100173,156,pending,2025-07-14 12:37:33,1,238.0,237,ARS,0.0,677881.26,24568.82,137195.61,790508.05,2025-07-14 12:37:33,,,,,,
201,100174,231,created,2025-06-18 08:00:04,2,365.0,364,ARS,0.0,278690.24,13934.51,55598.7,320354.43,2025-06-18 08:00:04,,,,,,
202,100175,167,shipped,2025-08-03 15:52:35,3,,255,ARS,0.0,702099.44,54030.15,136094.55,784163.84,2025-08-03 15:52:35,bank_transfer,784163.84,ARS,captured,2025-08-04 13:52:35,TX-200174
203,100176,212,paid,2025-06-15 06:33:00,3,,330,ARS,0.0,206707.0,6330.82,42079.0,242455.18,2025-06-15 06:33:00,credit_card,103633.99,ARS,captured,2025-06-16 23:33:00,TX-200175
204,100176,212,paid,2025-06-15 06:33:00,3,,330,ARS,0.0,206707.0,6330.82,42079.0,242455.18,2025-06-15 06:33:00,mercado_pago,138821.19,ARS,captured,2025-06-17 01:27:00,TX-200176
205,100177,17,paid,2025-06-28 19:11:49,4,25.0,24,ARS,0.0,429923.64,25952.55,84833.93,488805.01,2025-06-28 19:11:49,bank_transfer,488805.01,ARS,captured,2025-07-01 01:11:49,TX-200177
206,100178,13,shipped,2025-07-06 15:20:12,4,20.0,19,ARS,0.0,260748.62,5214.97,53662.07,309195.71,2025-07-06 15:20:12,debit_card,309195.71,ARS,captured,2025-07-08 09:20:12,TX-200178
207,100179,71,delivered,2025-07-22 02:54:15,3,,111,ARS,0.0,773257.62,45452.52,152839.07,880644.17,2025-07-22 02:54:15,gift_card,880644.17,ARS,captured,2025-07-22 18:54:15,TX-200179
208,100180,29,delivered,2025-06-10 09:36:07,1,46.0,45,ARS,0.0,430536.27,38232.6,82383.77,474687.44,2025-06-10 09:36:07,gift_card,474687.44,ARS,captured,2025-06-12 02:36:07,TX-200180
209,100181,178,pending,2025-08-03 02:11:39,1,273.0,272,ARS,0.0,443941.0,8878.82,91363.06,526425.24,2025-08-03 02:11:39,,,,,,
210,100182,220,delivered,2025-07-10 16:31:49,3,345.0,344,ARS,0.0,192053.42,10594.88,38106.29,219564.83,2025-07-10 16:31:49,gift_card,219564.83,ARS,captured,2025-07-13 02:31:49,TX-200181
211,100183,31,paid,2025-06-28 05:29:02,1,,48,ARS,0.0,582878.87,37088.67,114615.94,660406.14,2025-06-28 05:29:02,debit_card,248167.32,ARS,captured,2025-06-30 12:29:02,TX-200182
212,100183,31,paid,2025-06-28 05:29:02,1,,48,ARS,0.0,582878.87,37088.67,114615.94,660406.14,2025-06-28 05:29:02,mercado_pago,412238.82,ARS,captured,2025-06-30 17:05:02,TX-200183
213,100184,175,shipped,2025-06-15 07:59:40,1,269.0,268,ARS,1597.07,36801.51,3680.15,6955.49,41673.91,2025-06-15 07:59:40,mercado_pago,41673.91,ARS,captured,2025-06-15 16:59:40,TX-200184
214,100185,190,delivered,2025-08-28 08:41:16,3,294.0,293,ARS,0.0,263144.45,2292.73,54778.86,315630.58,2025-08-28 08:41:16,bank_transfer,96296.97,ARS,captured,2025-08-30 19:41:16,TX-200185
215,100185,190,delivered,2025-08-28 08:41:16,3,294.0,293,ARS,0.0,263144.45,2292.73,54778.86,315630.58,2025-08-28 08:41:16,gift_card,219333.61,ARS,captured,2025-08-30 22:37:16,TX-200186
216,100186,199,pending,2025-07-13 16:28:45,1,309.0,308,ARS,0.0,963462.76,48173.14,192210.82,1107500.44,2025-07-13 16:28:45,,,,,,
217,100187,70,pending,2025-07-23 08:01:09,1,,110,ARS,0.0,323336.98,13526.24,65060.25,374870.99,2025-07-23 08:01:09,,,,,,
218,100188,50,shipped,2025-07-06 22:49:27,4,76.0,75,ARS,0.0,532074.0,37127.63,103938.74,598885.11,2025-07-06 22:49:27,gift_card,598885.11,ARS,captured,2025-07-09 17:49:27,TX-200187
219,100189,117,paid,2025-08-15 04:29:38,1,180.0,179,ARS,0.0,190745.22,0.0,40056.5,230801.72,2025-08-15 04:29:38,credit_card,230801.72,ARS,captured,2025-08-17 12:29:38,TX-200188
220,100190,202,canceled,2025-08-31 09:51:17,2,315.0,314,ARS,0.0,297767.86,26989.63,56863.43,327641.66,2025-08-31 09:51:17,mercado_pago,327641.66,ARS,refunded,2025-09-04 09:51:17,TX-200189
221,100191,103,delivered,2025-07-09 21:44:15,1,160.0,159,ARS,0.0,515729.9,11141.72,105963.52,610551.7,2025-07-09 21:44:15,mercado_pago,610551.7,ARS,captured,2025-07-12 03:44:15,TX-200190
222,100192,246,pending,2025-06-18 22:23:56,4,,387,ARS,0.0,287456.42,22406.54,55660.47,320710.35,2025-06-18 22:23:56,debit_card,248898.77,ARS,authorized,,TX-200191
223,100193,118,pending,2025-07-05 23:39:41,1,,181,ARS,0.0,322679.25,0.0,67762.64,390441.89,2025-07-05 23:39:41,,,,,,
224,100194,32,delivered,2025-08-06 05:14:54,1,50.0,49,ARS,0.0,888530.53,61015.92,173778.07,1001292.68,2025-08-06 05:14:54,gift_card,300402.11,ARS,captured,2025-08-07 07:14:54,TX-200192
225,100194,32,delivered,2025-08-06 05:14:54,1,50.0,49,ARS,0.0,888530.53,61015.92,173778.07,1001292.68,2025-08-06 05:14:54,credit_card,700890.57,ARS,captured,2025-08-07 11:45:54,TX-200193
226,100195,38,paid,2025-08-24 08:45:46,1,59.0,58,ARS,0.0,133415.84,13896.87,25098.98,144617.96,2025-08-24 08:45:46,credit_card,144617.96,ARS,captured,2025-08-26 22:45:46,TX-200194
227,100196,71,paid,2025-06-14 16:53:32,4,,111,ARS,0.0,198514.98,0.0,41688.15,240203.13,2025-06-14 16:53:32,debit_card,159212.25,ARS,captured,2025-06-17 01:53:32,TX-200195
228,100196,71,paid,2025-06-14 16:53:32,4,,111,ARS,0.0,198514.98,0.0,41688.15,240203.13,2025-06-14 16:53:32,bank_transfer,80990.88,ARS,captured,2025-06-17 05:52:32,TX-200196
229,100197,220,paid,2025-08-30 19:07:00,2,345.0,344,ARS,0.0,193380.46,18181.39,36791.8,211990.87,2025-08-30 19:07:00,credit_card,211990.87,ARS,captured,2025-09-01 10:07:00,TX-200197
230,100198,247,shipped,2025-06-24 20:58:22,4,389.0,388,ARS,0.0,232798.85,17426.33,45228.23,260600.75,2025-06-24 20:58:22,debit_card,260600.75,ARS,captured,2025-06-25 00:58:22,TX-200198
231,100199,30,delivered,2025-06-10 16:04:32,1,,47,ARS,0.0,326929.76,21521.59,64135.72,369543.89,2025-06-10 16:04:32,bank_transfer,148186.35,ARS,captured,2025-06-13 16:04:32,TX-200199
232,100199,30,delivered,2025-06-10 16:04:32,1,,47,ARS,0.0,326929.76,21521.59,64135.72,369543.89,2025-06-10 16:04:32,mercado_pago,221357.54,ARS,captured,2025-06-13 18:04:32,TX-200200
233,100200,128,delivered,2025-08-13 17:14:53,2,,195,ARS,0.0,550530.87,48014.98,105528.34,608044.22,2025-08-13 17:14:53,debit_card,608044.22,ARS,captured,2025-08-14 03:14:53,TX-200201
234,100201,80,shipped,2025-08-09 04:02:12,4,,123,ARS,0.0,725536.37,18452.78,148487.55,855571.14,2025-08-09 04:02:12,mercado_pago,855571.14,ARS,captured,2025-08-12 03:02:12,TX-200202
235,100202,27,shipped,2025-06-29 23:40:40,1,42.0,41,ARS,0.0,223912.28,8479.6,45240.86,260673.54,2025-06-29 23:40:40,credit_card,260673.54,ARS,captured,2025-07-02 00:40:40,TX-200203
236,100203,106,canceled,2025-06-02 09:05:57,1,166.0,165,ARS,2631.34,21220.82,424.42,4367.24,27794.99,2025-06-02 09:05:57,,,,,,
237,100204,75,shipped,2025-08-01 23:56:30,2,,116,ARS,5630.22,21220.82,1061.04,4233.55,30023.55,2025-08-01 23:56:30,mercado_pago,30023.55,ARS,captured,2025-08-03 02:56:30,TX-200204
238,100205,60,delivered,2025-06-27 04:28:08,3,,93,ARS,0.0,251209.58,12844.15,50056.74,288422.16,2025-06-27 04:28:08,gift_card,288422.16,ARS,captured,2025-06-27 09:28:08,TX-200205
239,100206,237,delivered,2025-08-15 07:53:02,3,374.0,373,ARS,0.0,341457.18,34145.72,64535.41,371846.87,2025-08-15 07:53:02,credit_card,371846.87,ARS,captured,2025-08-17 15:53:02,TX-200206
240,100207,198,paid,2025-07-21 01:24:20,3,307.0,306,ARS,0.0,542208.45,57484.49,101792.03,586515.99,2025-07-21 01:24:20,debit_card,586515.99,ARS,captured,2025-07-22 19:24:20,TX-200207
241,100208,120,canceled,2025-08-01 23:13:10,1,184.0,183,ARS,0.0,154074.56,15407.46,29120.09,167787.2,2025-08-01 23:13:10,,,,,,
242,100209,197,paid,2025-08-03 04:37:55,3,305.0,304,ARS,0.0,118537.52,551.41,24777.08,142763.19,2025-08-03 04:37:55,bank_transfer,71765.3,ARS,captured,2025-08-03 09:37:55,TX-200208
243,100209,197,paid,2025-08-03 04:37:55,3,305.0,304,ARS,0.0,118537.52,551.41,24777.08,142763.19,2025-08-03 04:37:55,mercado_pago,70997.89,ARS,captured,2025-08-03 10:03:55,TX-200209
244,100210,67,created,2025-07-16 19:40:36,3,106.0,105,ARS,0.0,138117.94,0.0,29004.77,167122.71,2025-07-16 19:40:36,gift_card,76049.21,ARS,authorized,,TX-200210
245,100211,96,pending,2025-07-25 10:18:24,4,149.0,148,ARS,0.0,322312.2,23260.53,62800.85,361852.53,2025-07-25 10:18:24,,,,,,
246,100212,42,created,2025-06-20 21:31:33,3,,64,ARS,0.0,218155.74,4363.11,44896.45,258689.08,2025-06-20 21:31:33,,,,,,
247,100213,183,delivered,2025-07-19 21:12:53,3,282.0,281,ARS,0.0,101691.38,12202.97,18792.57,108280.98,2025-07-19 21:12:53,debit_card,108280.98,ARS,captured,2025-07-20 08:12:53,TX-200211
248,100214,249,delivered,2025-07-27 14:55:29,1,392.0,391,ARS,0.0,526515.3,15026.78,107412.59,618901.11,2025-07-27 14:55:29,debit_card,618901.11,ARS,captured,2025-07-30 00:55:29,TX-200212
249,100215,31,paid,2025-08-10 17:06:25,4,,48,ARS,0.0,139345.12,9754.16,27214.1,156805.06,2025-08-10 17:06:25,credit_card,156805.06,ARS,captured,2025-08-10 21:06:25,TX-200213
250,100216,91,shipped,2025-08-11 08:47:25,2,141.0,140,ARS,0.0,855856.87,31885.06,173034.08,997005.89,2025-08-11 08:47:25,bank_transfer,997005.89,ARS,captured,2025-08-13 18:47:25,TX-200214
251,100217,242,paid,2025-08-03 12:25:10,1,381.0,380,ARS,3478.97,34725.87,3472.59,6563.19,41295.44,2025-08-03 12:25:10,bank_transfer,41295.44,ARS,captured,2025-08-05 19:25:10,TX-200215
252,100218,209,shipped,2025-07-06 20:56:24,2,326.0,325,ARS,0.0,461103.66,27280.09,91102.95,524926.52,2025-07-06 20:56:24,mercado_pago,524926.52,ARS,captured,2025-07-08 01:56:24,TX-200216
253,100219,73,delivered,2025-08-06 04:35:38,4,,113,ARS,0.0,601043.56,26015.85,120755.82,695783.53,2025-08-06 04:35:38,credit_card,695783.53,ARS,captured,2025-08-06 19:35:38,TX-200217
254,100220,243,paid,2025-08-15 13:41:50,1,383.0,382,ARS,0.0,364619.74,20438.81,72277.99,416458.92,2025-08-15 13:41:50,debit_card,416458.92,ARS,captured,2025-08-18 05:41:50,TX-200218
255,100221,192,created,2025-06-09 17:51:55,2,,296,ARS,0.0,462629.09,32384.04,90351.46,520596.51,2025-06-09 17:51:55,,,,,,
256,100222,169,delivered,2025-06-30 10:38:08,2,258.0,257,ARS,0.0,861389.45,59438.64,168409.67,970360.48,2025-06-30 10:38:08,bank_transfer,970360.48,ARS,captured,2025-07-02 20:38:08,TX-200219
257,100223,198,paid,2025-07-11 14:58:20,3,307.0,306,ARS,0.0,630644.09,11944.95,129926.82,748625.96,2025-07-11 14:58:20,debit_card,748625.96,ARS,captured,2025-07-13 06:58:20,TX-200220
258,100224,200,delivered,2025-08-18 22:14:12,1,311.0,310,ARS,0.0,278428.02,25545.88,53105.25,305987.39,2025-08-18 22:14:12,gift_card,305987.39,ARS,captured,2025-08-20 17:14:12,TX-200221
259,100225,129,delivered,2025-06-06 05:42:51,4,197.0,196,ARS,0.0,457846.04,37362.84,88301.47,508784.67,2025-06-06 05:42:51,mercado_pago,303342.66,ARS,captured,2025-06-08 09:42:51,TX-200222
260,100225,129,delivered,2025-06-06 05:42:51,4,197.0,196,ARS,0.0,457846.04,37362.84,88301.47,508784.67,2025-06-06 05:42:51,credit_card,205442.01,ARS,captured,2025-06-08 10:26:51,TX-200223
261,100226,68,paid,2025-07-25 03:23:17,4,,107,ARS,0.0,647504.26,52661.15,124917.05,719760.16,2025-07-25 03:23:17,bank_transfer,719760.16,ARS,captured,2025-07-28 00:23:17,TX-200224
262,100227,244,delivered,2025-08-31 03:56:35,3,,384,ARS,0.0,820349.94,43295.36,163181.46,940236.04,2025-08-31 03:56:35,credit_card,518977.89,ARS,captured,2025-09-01 22:56:35,TX-200225
263,100227,244,delivered,2025-08-31 03:56:35,3,,384,ARS,0.0,820349.94,43295.36,163181.46,940236.04,2025-08-31 03:56:35,gift_card,421258.15,ARS,captured,2025-09-02 03:48:35,TX-200226
264,100228,69,delivered,2025-08-02 19:51:51,2,109.0,108,ARS,0.0,952434.64,82998.22,182581.65,1052018.07,2025-08-02 19:51:51,credit_card,1052018.07,ARS,captured,2025-08-03 05:51:51,TX-200227
265,100229,70,shipped,2025-07-18 20:31:39,3,,110,ARS,0.0,357369.21,39091.89,66838.24,385115.55,2025-07-18 20:31:39,mercado_pago,385115.55,ARS,captured,2025-07-20 20:31:39,TX-200228
266,100230,25,paid,2025-06-08 22:45:16,4,39.0,38,ARS,0.0,233492.54,12260.12,46458.81,267691.23,2025-06-08 22:45:16,bank_transfer,267691.23,ARS,captured,2025-06-10 14:45:16,TX-200229
267,100231,169,pending,2025-06-20 03:44:57,2,258.0,257,ARS,4781.31,25603.82,932.93,5180.89,34633.08,2025-06-20 03:44:57,,,,,,
268,100232,155,canceled,2025-08-18 17:14:10,3,,236,ARS,878.95,52848.63,1971.86,10684.12,62439.85,2025-08-18 17:14:10,,,,,,
269,100233,36,shipped,2025-07-31 11:54:32,4,56.0,55,ARS,0.0,351770.2,23167.77,69006.51,397608.94,2025-07-31 11:54:32,gift_card,397608.94,ARS,captured,2025-08-02 09:54:32,TX-200230
270,100234,222,delivered,2025-08-25 12:35:49,3,349.0,348,ARS,0.0,1146939.69,60993.11,228048.78,1313995.36,2025-08-25 12:35:49,mercado_pago,702298.15,ARS,captured,2025-08-28 08:35:49,TX-200231
271,100234,222,delivered,2025-08-25 12:35:49,3,349.0,348,ARS,0.0,1146939.69,60993.11,228048.78,1313995.36,2025-08-25 12:35:49,credit_card,611697.21,ARS,captured,2025-08-28 11:48:49,TX-200232
272,100235,192,created,2025-06-04 22:18:56,1,,296,ARS,0.0,102995.57,0.0,21629.07,124624.64,2025-06-04 22:18:56,,,,,,
273,100236,72,delivered,2025-06-03 12:06:43,2,,112,ARS,0.0,211188.6,17244.4,40728.28,234672.49,2025-06-03 12:06:43,gift_card,147848.13,ARS,captured,2025-06-03 20:06:43,TX-200233
274,100236,72,delivered,2025-06-03 12:06:43,2,,112,ARS,0.0,211188.6,17244.4,40728.28,234672.49,2025-06-03 12:06:43,debit_card,86824.36,ARS,captured,2025-06-03 22:27:43,TX-200234
275,100237,236,paid,2025-06-12 06:45:34,1,372.0,371,ARS,0.0,176769.15,16839.6,33585.2,193514.75,2025-06-12 06:45:34,debit_card,193514.75,ARS,captured,2025-06-13 14:45:34,TX-200235
276,100238,14,delivered,2025-06-23 10:09:24,4,,21,ARS,0.0,101683.34,5547.18,20188.59,116324.76,2025-06-23 10:09:24,bank_transfer,48620.6,ARS,captured,2025-06-24 12:09:24,TX-200236
277,100238,14,delivered,2025-06-23 10:09:24,4,,21,ARS,0.0,101683.34,5547.18,20188.59,116324.76,2025-06-23 10:09:24,mercado_pago,67704.16,ARS,captured,2025-06-24 13:01:24,TX-200237
278,100239,180,pending,2025-06-27 09:24:04,3,277.0,276,ARS,0.0,375749.35,11378.08,76517.97,440889.24,2025-06-27 09:24:04,,,,,,
279,100240,96,delivered,2025-06-05 11:44:13,4,149.0,148,ARS,0.0,105309.14,2106.18,21672.62,124875.58,2025-06-05 11:44:13,mercado_pago,124875.58,ARS,captured,2025-06-07 17:44:13,TX-200238
280,100241,249,delivered,2025-08-04 03:55:36,2,392.0,391,ARS,0.0,767560.89,35961.88,153635.79,885234.8,2025-08-04 03:55:36,debit_card,609901.19,ARS,captured,2025-08-06 23:55:36,TX-200239
281,100241,249,delivered,2025-08-04 03:55:36,2,392.0,391,ARS,0.0,767560.89,35961.88,153635.79,885234.8,2025-08-04 03:55:36,gift_card,275333.61,ARS,captured,2025-08-07 02:50:36,TX-200240
282,100242,41,pending,2025-08-10 14:20:48,3,63.0,62,ARS,0.0,807401.01,35717.44,162053.55,933737.12,2025-08-10 14:20:48,,,,,,
283,100243,103,delivered,2025-08-26 15:27:32,3,160.0,159,ARS,0.0,481403.46,44680.65,91711.79,528434.6,2025-08-26 15:27:32,credit_card,528434.6,ARS,captured,2025-08-28 14:27:32,TX-200241
284,100244,133,shipped,2025-06-11 12:36:28,1,204.0,203,ARS,1914.15,9732.78,194.66,2003.01,13455.28,2025-06-11 12:36:28,bank_transfer,13455.28,ARS,captured,2025-06-14 05:36:28,TX-200242
285,100245,195,delivered,2025-06-11 05:28:31,4,,301,ARS,0.0,204474.9,20447.49,38645.76,222673.17,2025-06-11 05:28:31,bank_transfer,139200.58,ARS,captured,2025-06-12 15:28:31,TX-200243
286,100245,195,delivered,2025-06-11 05:28:31,4,,301,ARS,0.0,204474.9,20447.49,38645.76,222673.17,2025-06-11 05:28:31,gift_card,83472.59,ARS,captured,2025-06-12 15:57:31,TX-200244
287,100246,153,paid,2025-06-05 19:20:34,1,234.0,233,ARS,0.0,620978.76,30704.5,123957.59,714231.86,2025-06-05 19:20:34,debit_card,714231.86,ARS,captured,2025-06-08 06:20:34,TX-200245
288,100247,118,pending,2025-07-18 01:23:38,1,,181,ARS,0.0,238843.06,24581.1,44995.01,259256.98,2025-07-18 01:23:38,,,,,,
289,100248,66,delivered,2025-07-26 04:14:20,1,104.0,103,ARS,0.0,315929.32,12316.41,63758.71,367371.62,2025-07-26 04:14:20,bank_transfer,367371.62,ARS,captured,2025-07-26 11:14:20,TX-200246
290,100249,58,delivered,2025-06-29 02:19:12,1,90.0,89,ARS,0.0,1033988.58,42923.85,208123.59,1199188.32,2025-06-29 02:19:12,mercado_pago,1199188.32,ARS,captured,2025-06-30 22:19:12,TX-200247
291,100250,173,created,2025-08-19 21:17:48,4,265.0,264,ARS,0.0,364645.01,24151.61,71503.61,411997.02,2025-08-19 21:17:48,,,,,,
292,100251,34,shipped,2025-06-16 03:31:51,4,,53,ARS,0.0,562789.79,25682.07,112792.62,649900.34,2025-06-16 03:31:51,gift_card,649900.34,ARS,captured,2025-06-17 07:31:51,TX-200248
293,100252,1,delivered,2025-08-23 06:16:19,3,2.0,1,ARS,0.0,124828.11,14979.37,23068.23,132916.97,2025-08-23 06:16:19,bank_transfer,132916.97,ARS,captured,2025-08-25 12:16:19,TX-200249
294,100253,131,delivered,2025-06-21 16:40:00,2,,200,ARS,0.0,137969.23,4723.39,27981.63,161227.47,2025-06-21 16:40:00,bank_transfer,161227.47,ARS,captured,2025-06-22 19:40:00,TX-200250
295,100254,19,canceled,2025-08-31 19:33:50,4,29.0,28,ARS,0.0,291928.77,0.0,61305.04,353233.81,2025-08-31 19:33:50,,,,,,
296,100255,213,paid,2025-08-31 18:37:31,1,,331,ARS,0.0,685691.09,33086.03,137047.06,789652.12,2025-08-31 18:37:31,bank_transfer,313671.51,ARS,captured,2025-09-02 14:37:31,TX-200251
297,100255,213,paid,2025-08-31 18:37:31,1,,331,ARS,0.0,685691.09,33086.03,137047.06,789652.12,2025-08-31 18:37:31,debit_card,475980.61,ARS,captured,2025-09-02 16:57:31,TX-200252
298,100256,118,delivered,2025-07-04 12:28:04,4,,181,ARS,0.0,387760.95,15448.0,78185.72,450498.66,2025-07-04 12:28:04,debit_card,450498.66,ARS,captured,2025-07-07 07:28:04,TX-200253
299,100257,38,paid,2025-08-05 18:49:00,1,59.0,58,ARS,0.0,282244.18,15100.12,56100.25,323244.31,2025-08-05 18:49:00,bank_transfer,323244.31,ARS,captured,2025-08-06 16:49:00,TX-200254
300,100258,243,paid,2025-07-10 07:30:57,1,383.0,382,ARS,0.0,538204.76,18899.41,109054.12,628359.48,2025-07-10 07:30:57,gift_card,628359.48,ARS,captured,2025-07-12 05:30:57,TX-200255
301,100259,230,delivered,2025-07-17 01:11:44,2,363.0,362,ARS,0.0,775802.46,77057.65,146736.41,845481.22,2025-07-17 01:11:44,mercado_pago,845481.22,ARS,captured,2025-07-19 20:11:44,TX-200256
302,100260,138,paid,2025-08-21 02:39:35,1,214.0,213,ARS,0.0,295914.98,6484.74,60780.35,350210.59,2025-08-21 02:39:35,debit_card,350210.59,ARS,captured,2025-08-21 15:39:35,TX-200257
303,100261,149,delivered,2025-06-15 16:06:57,4,,229,ARS,0.0,429615.12,21480.76,85708.22,493842.58,2025-06-15 16:06:57,mercado_pago,493842.58,ARS,captured,2025-06-18 08:06:57,TX-200258
304,100262,173,pending,2025-07-27 12:28:03,3,265.0,264,ARS,0.0,342602.16,24554.29,66790.05,384837.93,2025-07-27 12:28:03,bank_transfer,274441.94,ARS,authorized,,TX-200259
305,100263,147,paid,2025-06-25 14:25:35,2,226.0,225,ARS,0.0,342683.8,38380.59,63903.68,368206.89,2025-06-25 14:25:35,bank_transfer,368206.89,ARS,captured,2025-06-28 03:25:35,TX-200260
306,100264,121,paid,2025-07-10 12:09:01,3,,185,ARS,0.0,328119.23,20071.15,64690.1,372738.18,2025-07-10 12:09:01,mercado_pago,372738.18,ARS,captured,2025-07-10 20:09:01,TX-200261
307,100265,5,paid,2025-08-31 09:19:05,2,8.0,7,ARS,0.0,567152.51,54450.23,107667.48,620369.76,2025-08-31 09:19:05,gift_card,620369.76,ARS,captured,2025-09-01 11:19:05,TX-200262
308,100266,63,paid,2025-08-01 21:35:17,2,,98,ARS,0.0,502955.93,30570.12,99201.02,571586.83,2025-08-01 21:35:17,bank_transfer,571586.83,ARS,captured,2025-08-03 09:35:17,TX-200263
309,100267,226,paid,2025-07-23 05:31:33,1,355.0,354,ARS,0.0,205981.82,9065.12,41352.51,238269.21,2025-07-23 05:31:33,gift_card,238269.21,ARS,captured,2025-07-24 13:31:33,TX-200264
310,100268,210,delivered,2025-06-18 02:28:33,3,328.0,327,ARS,0.0,550128.17,51247.35,104764.97,603645.8,2025-06-18 02:28:33,mercado_pago,603645.8,ARS,captured,2025-06-20 01:28:33,TX-200265
311,100269,73,shipped,2025-06-10 20:34:55,3,,113,ARS,0.0,124250.51,12425.05,23483.35,135308.81,2025-06-10 20:34:55,credit_card,135308.81,ARS,captured,2025-06-11 17:34:55,TX-200266
312,100270,148,created,2025-07-20 00:41:13,3,228.0,227,ARS,0.0,157065.52,10994.59,30674.9,176745.83,2025-07-20 00:41:13,gift_card,138649.98,ARS,authorized,,TX-200267
313,100271,168,delivered,2025-08-13 12:54:44,2,,256,ARS,0.0,245820.76,2931.0,51006.85,293896.61,2025-08-13 12:54:44,credit_card,293896.61,ARS,captured,2025-08-13 16:54:44,TX-200268
314,100272,223,paid,2025-07-28 15:58:01,2,,350,ARS,0.0,536023.61,34386.84,105343.72,606980.5,2025-07-28 15:58:01,gift_card,300845.86,ARS,captured,2025-07-29 18:58:01,TX-200269
315,100272,223,paid,2025-07-28 15:58:01,2,,350,ARS,0.0,536023.61,34386.84,105343.72,606980.5,2025-07-28 15:58:01,mercado_pago,306134.64,ARS,captured,2025-07-29 21:45:01,TX-200270
316,100273,93,paid,2025-06-15 16:38:13,4,144.0,143,ARS,2401.85,19216.98,1345.19,3753.08,24026.72,2025-06-15 16:38:13,mercado_pago,24026.72,ARS,captured,2025-06-16 05:38:13,TX-200271
317,100274,59,delivered,2025-07-20 17:09:42,1,92.0,91,ARS,0.0,316868.16,38024.18,58557.24,337401.22,2025-07-20 17:09:42,debit_card,215587.88,ARS,captured,2025-07-22 11:09:42,TX-200272
318,100274,59,delivered,2025-07-20 17:09:42,1,92.0,91,ARS,0.0,316868.16,38024.18,58557.24,337401.22,2025-07-20 17:09:42,credit_card,121813.34,ARS,captured,2025-07-22 12:19:42,TX-200273
319,100275,202,created,2025-06-27 11:08:36,2,315.0,314,ARS,0.0,595761.03,20676.09,120767.84,695852.78,2025-06-27 11:08:36,,,,,,
320,100276,135,paid,2025-06-02 12:41:40,2,208.0,207,ARS,0.0,324064.44,16952.03,64493.61,371606.02,2025-06-02 12:41:40,gift_card,371606.02,ARS,captured,2025-06-04 18:41:40,TX-200274
321,100277,80,shipped,2025-07-03 04:40:03,4,,123,ARS,0.0,357321.14,26817.38,69405.79,399909.55,2025-07-03 04:40:03,debit_card,399909.55,ARS,captured,2025-07-04 09:40:03,TX-200275
322,100278,109,delivered,2025-08-14 01:14:45,3,170.0,169,ARS,0.0,545484.88,10647.31,112315.89,647153.46,2025-08-14 01:14:45,mercado_pago,647153.46,ARS,captured,2025-08-16 15:14:45,TX-200276
323,100279,172,delivered,2025-07-04 02:17:52,3,263.0,262,ARS,0.0,393857.96,0.0,82710.17,476568.13,2025-07-04 02:17:52,mercado_pago,476568.13,ARS,captured,2025-07-04 18:17:52,TX-200277
324,100280,200,shipped,2025-08-07 19:06:58,2,311.0,310,ARS,0.0,194619.18,19461.92,36783.03,211940.29,2025-08-07 19:06:58,gift_card,211940.29,ARS,captured,2025-08-09 01:06:58,TX-200278
325,100281,249,delivered,2025-07-30 11:43:14,4,392.0,391,ARS,0.0,224539.75,18884.9,43187.52,248842.37,2025-07-30 11:43:14,gift_card,248842.37,ARS,captured,2025-08-01 03:43:14,TX-200279
326,100282,32,paid,2025-06-19 10:01:46,2,50.0,49,ARS,0.0,619635.23,50874.36,119439.78,688200.66,2025-06-19 10:01:46,bank_transfer,688200.66,ARS,captured,2025-06-21 23:01:46,TX-200280
327,100283,157,paid,2025-07-14 09:54:25,4,,239,ARS,0.0,263088.72,0.0,55248.63,318337.35,2025-07-14 09:54:25,debit_card,318337.35,ARS,captured,2025-07-16 21:54:25,TX-200281
328,100284,58,pending,2025-08-17 21:48:38,1,90.0,89,ARS,0.0,528924.23,38992.19,102885.73,592817.77,2025-08-17 21:48:38,,,,,,
329,100285,108,canceled,2025-06-11 00:28:14,3,,168,ARS,0.0,109754.35,10975.44,20743.57,119522.49,2025-06-11 00:28:14,,,,,,
330,100286,200,shipped,2025-08-12 13:40:59,4,311.0,310,ARS,0.0,1012184.69,29858.11,206288.58,1188615.16,2025-08-12 13:40:59,credit_card,1188615.16,ARS,captured,2025-08-14 19:40:59,TX-200282
331,100287,117,paid,2025-08-27 12:31:35,3,180.0,179,ARS,0.0,493550.01,28276.87,97707.36,562980.49,2025-08-27 12:31:35,gift_card,562980.49,ARS,captured,2025-08-30 12:31:35,TX-200283
332,100288,200,delivered,2025-06-12 12:09:07,2,311.0,310,ARS,0.0,770653.51,15759.64,158527.71,913421.59,2025-06-12 12:09:07,debit_card,913421.59,ARS,captured,2025-06-14 05:09:07,TX-200284
333,100289,20,pending,2025-08-31 21:46:17,2,,30,ARS,0.0,975551.47,60405.86,192180.58,1107326.19,2025-08-31 21:46:17,,,,,,
334,100290,212,paid,2025-06-20 09:58:05,1,,330,ARS,0.0,131495.54,15779.46,24300.38,140016.45,2025-06-20 09:58:05,debit_card,140016.45,ARS,captured,2025-06-21 14:58:05,TX-200285
335,100291,76,canceled,2025-08-18 17:35:43,2,,117,ARS,0.0,721769.55,70053.6,136860.35,788576.29,2025-08-18 17:35:43,,,,,,
336,100292,204,delivered,2025-07-04 15:42:13,3,318.0,317,ARS,0.0,275842.48,4314.11,57020.96,328549.33,2025-07-04 15:42:13,gift_card,328549.33,ARS,captured,2025-07-05 23:42:13,TX-200286
337,100293,245,created,2025-07-28 20:21:08,2,386.0,385,ARS,0.0,62733.56,7528.03,11593.16,66798.69,2025-07-28 20:21:08,credit_card,43125.61,ARS,authorized,,TX-200287
338,100294,243,delivered,2025-08-02 15:41:09,1,383.0,382,ARS,0.0,358237.6,38671.77,67108.82,386674.65,2025-08-02 15:41:09,gift_card,386674.65,ARS,captured,2025-08-04 06:41:09,TX-200288
339,100295,167,delivered,2025-07-13 03:14:39,4,,255,ARS,5694.18,29198.34,3503.8,5395.85,36784.57,2025-07-13 03:14:39,bank_transfer,36784.57,ARS,captured,2025-07-15 05:14:39,TX-200289
340,100296,143,delivered,2025-06-13 06:08:07,1,,220,ARS,0.0,137039.46,0.0,28778.29,165817.75,2025-06-13 06:08:07,credit_card,165817.75,ARS,captured,2025-06-15 00:08:07,TX-200290
341,100297,10,delivered,2025-07-10 10:36:38,1,,15,ARS,0.0,239732.85,4794.66,49337.02,284275.21,2025-07-10 10:36:38,debit_card,96621.91,ARS,captured,2025-07-13 05:36:38,TX-200291
342,100297,10,delivered,2025-07-10 10:36:38,1,,15,ARS,0.0,239732.85,4794.66,49337.02,284275.21,2025-07-10 10:36:38,gift_card,187653.3,ARS,captured,2025-07-13 08:33:38,TX-200292
343,100298,26,delivered,2025-07-12 19:11:59,1,,40,ARS,0.0,328660.23,15207.16,65825.14,379278.21,2025-07-12 19:11:59,credit_card,117399.37,ARS,captured,2025-07-14 20:11:59,TX-200293
344,100298,26,delivered,2025-07-12 19:11:59,1,,40,ARS,0.0,328660.23,15207.16,65825.14,379278.21,2025-07-12 19:11:59,mercado_pago,261878.84,ARS,captured,2025-07-15 01:03:59,TX-200294
345,100299,13,paid,2025-07-16 19:34:45,3,20.0,19,ARS,0.0,303223.83,30322.38,57309.3,330210.75,2025-07-16 19:34:45,gift_card,330210.75,ARS,captured,2025-07-19 15:34:45,TX-200295
346,100300,26,delivered,2025-06-29 11:39:43,4,,40,ARS,0.0,111832.38,2236.65,23015.1,132610.84,2025-06-29 11:39:43,credit_card,60019.07,ARS,captured,2025-06-29 13:39:43,TX-200296
347,100300,26,delivered,2025-06-29 11:39:43,4,,40,ARS,0.0,111832.38,2236.65,23015.1,132610.84,2025-06-29 11:39:43,mercado_pago,72591.77,ARS,captured,2025-06-29 13:46:43,TX-200297
348,100301,105,shipped,2025-07-23 13:43:51,1,164.0,163,ARS,0.0,546391.99,45050.06,105281.81,606623.74,2025-07-23 13:43:51,credit_card,349293.8,ARS,captured,2025-07-25 23:43:51,TX-200298
349,100301,105,shipped,2025-07-23 13:43:51,1,164.0,163,ARS,0.0,546391.99,45050.06,105281.81,606623.74,2025-07-23 13:43:51,gift_card,257329.94,ARS,captured,2025-07-26 00:47:51,TX-200299
350,100302,217,paid,2025-08-06 01:17:58,4,339.0,338,ARS,0.0,326635.63,27977.32,62718.25,361376.56,2025-08-06 01:17:58,debit_card,361376.56,ARS,captured,2025-08-08 01:17:58,TX-200300
351,100303,197,delivered,2025-07-11 01:35:35,2,305.0,304,ARS,0.0,165913.98,8295.7,33099.84,190718.12,2025-07-11 01:35:35,debit_card,190718.12,ARS,captured,2025-07-12 00:35:35,TX-200301
352,100304,176,shipped,2025-08-08 00:38:08,1,,270,ARS,0.0,377836.8,11377.24,76956.51,443416.07,2025-08-08 00:38:08,credit_card,133631.58,ARS,captured,2025-08-09 06:38:08,TX-200302
353,100304,176,shipped,2025-08-08 00:38:08,1,,270,ARS,0.0,377836.8,11377.24,76956.51,443416.07,2025-08-08 00:38:08,bank_transfer,309784.49,ARS,captured,2025-08-09 11:33:08,TX-200303
354,100305,236,shipped,2025-07-17 08:08:59,2,372.0,371,ARS,0.0,121476.66,13805.22,22611.0,130282.44,2025-07-17 08:08:59,credit_card,130282.44,ARS,captured,2025-07-18 05:08:59,TX-200304
355,100306,84,pending,2025-08-07 07:29:49,4,,127,ARS,0.0,105086.49,9179.56,20140.45,116047.38,2025-08-07 07:29:49,,,,,,
356,100307,96,paid,2025-06-19 17:07:14,3,149.0,148,ARS,0.0,340154.19,23810.79,66432.11,382775.51,2025-06-19 17:07:14,gift_card,382775.51,ARS,captured,2025-06-21 08:07:14,TX-200305
357,100308,142,delivered,2025-08-06 15:43:14,2,,219,ARS,0.0,124691.97,12726.39,23512.77,135478.35,2025-08-06 15:43:14,gift_card,135478.35,ARS,captured,2025-08-07 14:43:14,TX-200306
358,100309,85,paid,2025-07-16 07:23:28,1,129.0,128,ARS,0.0,669812.74,22426.73,135951.06,783337.07,2025-07-16 07:23:28,debit_card,783337.07,ARS,captured,2025-07-18 17:23:28,TX-200307
359,100310,231,paid,2025-06-16 19:22:50,2,365.0,364,ARS,0.0,872254.53,48654.69,172955.97,996555.81,2025-06-16 19:22:50,bank_transfer,450821.58,ARS,captured,2025-06-17 01:22:50,TX-200308
360,100310,231,paid,2025-06-16 19:22:50,2,365.0,364,ARS,0.0,872254.53,48654.69,172955.97,996555.81,2025-06-16 19:22:50,gift_card,545734.23,ARS,captured,2025-06-17 02:54:50,TX-200309
361,100311,239,shipped,2025-06-24 16:17:12,4,,376,ARS,0.0,286117.83,28611.78,54076.27,311582.32,2025-06-24 16:17:12,credit_card,311582.32,ARS,captured,2025-06-26 13:17:12,TX-200310
362,100312,229,canceled,2025-07-17 09:12:03,4,361.0,360,ARS,0.0,100623.72,8897.92,19262.42,110988.22,2025-07-17 09:12:03,,,,,,
363,100313,68,canceled,2025-07-14 01:28:22,4,,107,ARS,0.0,798389.73,0.0,167661.84,966051.57,2025-07-14 01:28:22,,,,,,
364,100314,98,created,2025-08-26 09:50:26,4,,152,ARS,0.0,618887.52,40640.69,121431.83,699678.66,2025-08-26 09:50:26,,,,,,
365,100315,207,delivered,2025-06-15 00:50:15,3,323.0,322,ARS,0.0,245381.58,0.0,51530.13,296911.71,2025-06-15 00:50:15,debit_card,296911.71,ARS,captured,2025-06-15 20:50:15,TX-200311
366,100316,24,created,2025-08-27 08:29:09,1,37.0,36,ARS,0.0,393071.04,6480.1,81184.1,467775.04,2025-08-27 08:29:09,,,,,,
367,100317,155,shipped,2025-08-26 21:32:49,2,,236,ARS,37.88,12859.59,1285.96,2430.46,14041.97,2025-08-26 21:32:49,mercado_pago,14041.97,ARS,captured,2025-08-27 20:32:49,TX-200312
368,100318,136,delivered,2025-08-27 09:09:46,1,210.0,209,ARS,0.0,457706.45,21312.31,91642.77,528036.91,2025-08-27 09:09:46,bank_transfer,528036.91,ARS,captured,2025-08-27 20:09:46,TX-200313
369,100319,11,shipped,2025-07-30 11:48:35,3,,16,ARS,0.0,473388.67,31459.74,92805.07,534734.0,2025-07-30 11:48:35,credit_card,534734.0,ARS,captured,2025-07-31 07:48:35,TX-200314
370,100320,111,delivered,2025-06-21 17:44:36,4,,172,ARS,0.0,98655.92,0.0,20717.74,119373.66,2025-06-21 17:44:36,gift_card,119373.66,ARS,captured,2025-06-23 11:44:36,TX-200315
371,100321,249,pending,2025-07-28 13:28:17,4,392.0,391,ARS,0.0,861921.48,68945.56,166524.94,959500.87,2025-07-28 13:28:17,,,,,,
372,100322,249,delivered,2025-08-18 08:37:46,2,392.0,391,ARS,0.0,400221.85,31438.65,77444.47,446227.67,2025-08-18 08:37:46,debit_card,446227.67,ARS,captured,2025-08-18 21:37:46,TX-200316
373,100323,212,shipped,2025-07-05 11:39:07,4,,330,ARS,0.0,894481.9,64373.71,174322.72,1004430.91,2025-07-05 11:39:07,mercado_pago,1004430.91,ARS,captured,2025-07-08 07:39:07,TX-200317
374,100324,195,pending,2025-07-06 16:36:01,3,,301,ARS,0.0,816902.66,42315.65,162663.27,937250.28,2025-07-06 16:36:01,gift_card,744354.95,ARS,authorized,,TX-200318
375,100325,97,shipped,2025-08-22 11:47:32,1,151.0,150,ARS,0.0,1249658.86,73718.87,246947.4,1422887.39,2025-08-22 11:47:32,credit_card,1422887.39,ARS,captured,2025-08-23 04:47:32,TX-200319
376,100326,209,shipped,2025-06-15 09:29:37,2,326.0,325,ARS,0.0,170399.54,5537.88,34620.95,199482.6,2025-06-15 09:29:37,credit_card,199482.6,ARS,captured,2025-06-16 14:29:37,TX-200320
377,100327,150,created,2025-08-29 02:56:07,4,,230,ARS,0.0,169849.56,16649.91,32171.93,185371.57,2025-08-29 02:56:07,,,,,,
378,100328,41,delivered,2025-07-03 12:10:41,2,63.0,62,ARS,0.0,677419.28,38689.08,134133.34,772863.54,2025-07-03 12:10:41,gift_card,418387.47,ARS,captured,2025-07-05 22:10:41,TX-200321
379,100328,41,delivered,2025-07-03 12:10:41,2,63.0,62,ARS,0.0,677419.28,38689.08,134133.34,772863.54,2025-07-03 12:10:41,bank_transfer,354476.07,ARS,captured,2025-07-05 23:59:41,TX-200322
380,100329,131,paid,2025-06-28 06:35:13,1,,200,ARS,0.0,444903.58,42676.94,84467.59,486694.23,2025-06-28 06:35:13,bank_transfer,486694.23,ARS,captured,2025-06-29 04:35:13,TX-200323
381,100330,20,delivered,2025-06-04 22:32:49,1,,30,ARS,0.0,73927.78,0.0,15524.83,89452.61,2025-06-04 22:32:49,gift_card,89452.61,ARS,captured,2025-06-06 13:32:49,TX-200324
382,100331,191,delivered,2025-07-31 06:21:22,1,,295,ARS,0.0,121085.91,14530.31,22376.68,128932.28,2025-07-31 06:21:22,gift_card,128932.28,ARS,captured,2025-08-01 13:21:22,TX-200325
383,100332,185,paid,2025-07-05 00:53:19,4,285.0,284,ARS,0.0,490388.85,43840.87,93775.08,540323.06,2025-07-05 00:53:19,bank_transfer,540323.06,ARS,captured,2025-07-08 00:53:19,TX-200326
384,100333,74,pending,2025-07-18 16:36:42,3,115.0,114,ARS,0.0,362246.17,23423.66,71152.73,409975.23,2025-07-18 16:36:42,,,,,,
385,100334,209,delivered,2025-07-23 13:07:09,4,326.0,325,ARS,0.0,681790.68,48136.14,133067.45,766722.0,2025-07-23 13:07:09,debit_card,766722.0,ARS,captured,2025-07-26 06:07:09,TX-200327
386,100335,190,delivered,2025-07-13 17:48:37,2,294.0,293,ARS,0.0,361358.85,18067.94,72091.09,415382.0,2025-07-13 17:48:37,gift_card,415382.0,ARS,captured,2025-07-16 16:48:37,TX-200328
387,100336,62,paid,2025-06-27 19:43:56,4,97.0,96,ARS,0.0,146549.87,0.0,30775.47,177325.34,2025-06-27 19:43:56,debit_card,177325.34,ARS,captured,2025-06-27 23:43:56,TX-200329
388,100337,65,canceled,2025-07-25 13:01:00,4,102.0,101,ARS,0.0,449896.75,40450.44,85983.72,495430.03,2025-07-25 13:01:00,,,,,,
389,100338,126,shipped,2025-07-15 01:07:48,1,193.0,192,ARS,0.0,724263.57,69314.44,137539.32,792488.44,2025-07-15 01:07:48,bank_transfer,792488.44,ARS,captured,2025-07-15 05:07:48,TX-200330
390,100339,25,delivered,2025-08-15 01:01:40,1,39.0,38,ARS,0.0,920214.71,66074.26,179369.49,1033509.94,2025-08-15 01:01:40,bank_transfer,1033509.94,ARS,captured,2025-08-15 17:01:40,TX-200331
391,100340,88,paid,2025-07-27 04:13:36,4,135.0,134,ARS,4442.14,45854.66,917.09,9436.89,58816.6,2025-07-27 04:13:36,mercado_pago,58816.6,ARS,captured,2025-07-27 08:13:36,TX-200332
392,100341,135,shipped,2025-06-14 15:14:29,3,208.0,207,ARS,0.0,1066922.31,57972.85,211879.39,1220828.85,2025-06-14 15:14:29,debit_card,1220828.85,ARS,captured,2025-06-17 04:14:29,TX-200333
393,100342,192,created,2025-06-08 18:34:32,4,,296,ARS,0.0,363257.73,43590.93,67130.03,386796.83,2025-06-08 18:34:32,mercado_pago,202842.23,ARS,authorized,,TX-200334
394,100343,221,delivered,2025-06-25 17:17:07,4,347.0,346,ARS,0.0,553777.19,11731.23,113829.65,655875.62,2025-06-25 17:17:07,credit_card,655875.62,ARS,captured,2025-06-26 02:17:07,TX-200335
395,100344,123,shipped,2025-08-21 05:43:35,4,,187,ARS,0.0,184924.02,14217.93,35848.28,206554.37,2025-08-21 05:43:35,gift_card,206554.37,ARS,captured,2025-08-21 09:43:35,TX-200336
396,100345,144,shipped,2025-06-12 17:49:42,2,,221,ARS,0.0,566364.87,45879.19,109301.99,629787.67,2025-06-12 17:49:42,mercado_pago,629787.67,ARS,captured,2025-06-15 11:49:42,TX-200337
397,100346,183,paid,2025-07-30 21:10:51,3,282.0,281,ARS,0.0,817133.34,59994.0,158999.26,916138.6,2025-07-30 21:10:51,mercado_pago,916138.6,ARS,captured,2025-08-01 00:10:51,TX-200338
398,100347,63,shipped,2025-07-05 20:41:13,4,,98,ARS,0.0,538973.52,9180.42,111256.55,641049.65,2025-07-05 20:41:13,bank_transfer,431842.33,ARS,captured,2025-07-06 05:41:13,TX-200339
399,100347,63,shipped,2025-07-05 20:41:13,4,,98,ARS,0.0,538973.52,9180.42,111256.55,641049.65,2025-07-05 20:41:13,gift_card,209207.32,ARS,captured,2025-07-06 10:27:13,TX-200340
400,100348,138,pending,2025-06-13 15:24:38,3,214.0,213,ARS,0.0,463887.96,37248.41,89594.3,516233.85,2025-06-13 15:24:38,mercado_pago,309476.01,ARS,authorized,,TX-200341
401,100349,159,delivered,2025-07-16 08:36:20,3,242.0,241,ARS,0.0,194162.6,7825.5,39130.79,225467.89,2025-07-16 08:36:20,gift_card,225467.89,ARS,captured,2025-07-18 10:36:20,TX-200342
402,100350,60,delivered,2025-07-23 16:10:13,1,,93,ARS,0.0,513828.22,47586.74,97910.71,564152.19,2025-07-23 16:10:13,bank_transfer,564152.19,ARS,captured,2025-07-25 12:10:13,TX-200343
403,100351,240,shipped,2025-06-09 16:27:56,2,,377,ARS,0.0,81001.26,4050.06,16159.75,93110.95,2025-06-09 16:27:56,bank_transfer,93110.95,ARS,captured,2025-06-11 15:27:56,TX-200344
404,100352,195,pending,2025-06-21 03:21:48,2,,301,ARS,0.0,62949.67,6294.97,11897.49,68552.19,2025-06-21 03:21:48,,,,,,
405,100353,72,paid,2025-07-10 06:04:00,2,,112,ARS,0.0,84450.9,8445.09,15961.22,91967.03,2025-07-10 06:04:00,debit_card,91967.03,ARS,captured,2025-07-10 13:04:00,TX-200345
406,100354,61,delivered,2025-06-26 21:56:28,1,95.0,94,ARS,0.0,131225.19,6561.26,26179.43,150843.36,2025-06-26 21:56:28,bank_transfer,150843.36,ARS,captured,2025-06-27 20:56:28,TX-200346
407,100355,119,shipped,2025-08-30 04:00:01,2,,182,ARS,0.0,547595.93,51034.75,104277.85,600839.03,2025-08-30 04:00:01,bank_transfer,290991.8,ARS,captured,2025-08-30 22:00:01,TX-200347
408,100355,119,shipped,2025-08-30 04:00:01,2,,182,ARS,0.0,547595.93,51034.75,104277.85,600839.03,2025-08-30 04:00:01,gift_card,309847.23,ARS,captured,2025-08-31 02:46:01,TX-200348
409,100356,30,paid,2025-07-09 13:36:11,4,,47,ARS,0.0,144859.86,2897.2,29812.16,171774.82,2025-07-09 13:36:11,debit_card,171774.82,ARS,captured,2025-07-09 16:36:11,TX-200349
410,100357,167,paid,2025-06-19 00:35:46,3,,255,ARS,0.0,143601.58,13072.41,27411.13,157940.3,2025-06-19 00:35:46,debit_card,157940.3,ARS,captured,2025-06-21 12:35:46,TX-200350
411,100358,243,delivered,2025-06-13 10:45:21,2,383.0,382,ARS,0.0,262093.59,17073.3,51454.26,296474.55,2025-06-13 10:45:21,gift_card,296474.55,ARS,captured,2025-06-15 08:45:21,TX-200351
412,100359,160,paid,2025-06-07 18:49:23,3,244.0,243,ARS,0.0,83195.66,5823.7,16248.11,93620.08,2025-06-07 18:49:23,gift_card,57269.57,ARS,captured,2025-06-10 12:49:23,TX-200352
413,100359,160,paid,2025-06-07 18:49:23,3,244.0,243,ARS,0.0,83195.66,5823.7,16248.11,93620.08,2025-06-07 18:49:23,credit_card,36350.51,ARS,captured,2025-06-10 14:12:23,TX-200353
414,100360,183,delivered,2025-08-21 09:43:30,4,282.0,281,ARS,0.0,178029.06,5825.31,36162.79,208366.54,2025-08-21 09:43:30,debit_card,87756.51,ARS,captured,2025-08-22 14:43:30,TX-200354
415,100360,183,delivered,2025-08-21 09:43:30,4,282.0,281,ARS,0.0,178029.06,5825.31,36162.79,208366.54,2025-08-21 09:43:30,gift_card,120610.03,ARS,captured,2025-08-22 18:22:30,TX-200355
416,100361,208,shipped,2025-07-18 17:04:23,3,,324,ARS,0.0,804323.43,56225.49,157100.57,905198.5,2025-07-18 17:04:23,gift_card,905198.5,ARS,captured,2025-07-21 12:04:23,TX-200356
417,100362,232,delivered,2025-08-29 19:44:28,2,,366,ARS,0.0,495841.93,31924.55,97422.65,561340.03,2025-08-29 19:44:28,credit_card,561340.03,ARS,captured,2025-08-30 16:44:28,TX-200357
418,100363,206,paid,2025-08-16 11:54:39,2,,321,ARS,0.0,853204.85,26457.06,173617.04,1000364.83,2025-08-16 11:54:39,credit_card,1000364.83,ARS,captured,2025-08-17 07:54:39,TX-200358
419,100364,216,delivered,2025-08-29 13:00:25,3,337.0,336,ARS,0.0,124161.38,6208.07,24770.2,142723.51,2025-08-29 13:00:25,credit_card,99696.11,ARS,captured,2025-08-31 08:00:25,TX-200359
420,100364,216,delivered,2025-08-29 13:00:25,3,337.0,336,ARS,0.0,124161.38,6208.07,24770.2,142723.51,2025-08-29 13:00:25,gift_card,43027.4,ARS,captured,2025-08-31 08:05:25,TX-200360
421,100365,101,delivered,2025-08-28 17:12:32,3,157.0,156,ARS,0.0,807915.02,42189.77,160802.3,926527.55,2025-08-28 17:12:32,debit_card,926527.55,ARS,captured,2025-08-29 20:12:32,TX-200361
422,100366,151,delivered,2025-06-27 17:13:46,3,,231,ARS,1148.93,22495.1,1574.66,4393.29,26462.67,2025-06-27 17:13:46,mercado_pago,16842.13,ARS,captured,2025-06-28 02:13:46,TX-200362
423,100366,151,delivered,2025-06-27 17:13:46,3,,231,ARS,1148.93,22495.1,1574.66,4393.29,26462.67,2025-06-27 17:13:46,bank_transfer,9620.54,ARS,captured,2025-06-28 03:53:46,TX-200363
424,100367,125,pending,2025-06-18 08:44:20,3,191.0,190,ARS,0.0,601015.52,24300.87,121110.08,697824.73,2025-06-18 08:44:20,gift_card,128174.91,ARS,authorized,,TX-200364
425,100368,169,shipped,2025-08-07 21:29:56,3,258.0,257,ARS,0.0,518953.65,21572.98,104449.94,601830.61,2025-08-07 21:29:56,bank_transfer,601830.61,ARS,captured,2025-08-10 20:29:56,TX-200365
426,100369,172,paid,2025-06-01 19:19:25,3,263.0,262,ARS,0.0,216459.44,8691.3,43631.31,251399.45,2025-06-01 19:19:25,mercado_pago,83073.01,ARS,captured,2025-06-04 03:19:25,TX-200366
427,100369,172,paid,2025-06-01 19:19:25,3,263.0,262,ARS,0.0,216459.44,8691.3,43631.31,251399.45,2025-06-01 19:19:25,bank_transfer,168326.44,ARS,captured,2025-06-04 03:32:25,TX-200367
428,100370,197,shipped,2025-08-14 07:46:12,1,305.0,304,ARS,0.0,587329.07,48128.18,113232.19,652433.07,2025-08-14 07:46:12,mercado_pago,307818.05,ARS,captured,2025-08-15 09:46:12,TX-200368
429,100370,197,shipped,2025-08-14 07:46:12,1,305.0,304,ARS,0.0,587329.07,48128.18,113232.19,652433.07,2025-08-14 07:46:12,debit_card,344615.02,ARS,captured,2025-08-15 13:56:12,TX-200369
430,100371,40,delivered,2025-06-01 08:43:18,1,,61,ARS,4589.4,39001.57,0.0,8190.33,51781.3,2025-06-01 08:43:18,gift_card,31400.18,ARS,captured,2025-06-03 04:43:18,TX-200370
431,100371,40,delivered,2025-06-01 08:43:18,1,,61,ARS,4589.4,39001.57,0.0,8190.33,51781.3,2025-06-01 08:43:18,bank_transfer,20381.12,ARS,captured,2025-06-03 09:09:18,TX-200371
432,100372,134,shipped,2025-08-20 12:47:36,2,206.0,205,ARS,0.0,227638.12,15934.67,44457.72,256161.18,2025-08-20 12:47:36,bank_transfer,256161.18,ARS,captured,2025-08-21 02:47:36,TX-200372
433,100373,49,shipped,2025-06-03 13:33:49,1,74.0,73,ARS,0.0,364180.57,1328.9,76198.85,439050.53,2025-06-03 13:33:49,credit_card,439050.53,ARS,captured,2025-06-06 08:33:49,TX-200373
434,100374,67,canceled,2025-07-06 12:22:36,4,106.0,105,ARS,0.0,200774.66,6469.66,40804.05,235109.05,2025-07-06 12:22:36,,,,,,
435,100375,154,paid,2025-06-13 09:37:09,1,,235,ARS,0.0,231594.81,9826.75,46571.29,268339.36,2025-06-13 09:37:09,gift_card,268339.36,ARS,captured,2025-06-14 21:37:09,TX-200374
436,100376,240,delivered,2025-08-24 10:49:59,3,,377,ARS,5513.03,9732.78,486.64,1941.69,16700.86,2025-08-24 10:49:59,credit_card,7236.59,ARS,captured,2025-08-26 16:49:59,TX-200375
437,100376,240,delivered,2025-08-24 10:49:59,3,,377,ARS,5513.03,9732.78,486.64,1941.69,16700.86,2025-08-24 10:49:59,debit_card,9464.27,ARS,captured,2025-08-26 17:29:59,TX-200376
438,100377,121,delivered,2025-06-17 06:09:59,2,,185,ARS,0.0,261717.44,28556.45,48963.81,282124.8,2025-06-17 06:09:59,debit_card,282124.8,ARS,captured,2025-06-18 07:09:59,TX-200377
439,100378,49,delivered,2025-08-13 06:42:44,3,74.0,73,ARS,0.0,71035.34,8524.24,13127.33,75638.43,2025-08-13 06:42:44,debit_card,75638.43,ARS,captured,2025-08-13 12:42:44,TX-200378
440,100379,97,shipped,2025-06-26 23:07:17,3,151.0,150,ARS,0.0,551481.99,58349.57,103557.81,596690.23,2025-06-26 23:07:17,mercado_pago,596690.23,ARS,captured,2025-06-28 07:07:17,TX-200379
441,100380,117,paid,2025-06-29 16:21:36,3,180.0,179,ARS,0.0,250247.01,17517.29,48873.24,281602.96,2025-06-29 16:21:36,debit_card,281602.96,ARS,captured,2025-06-30 21:21:36,TX-200380
442,100381,99,canceled,2025-08-10 18:33:27,2,154.0,153,ARS,0.0,578464.83,45875.27,111843.81,644433.37,2025-08-10 18:33:27,,,,,,
443,100382,192,created,2025-08-12 03:54:00,4,,296,ARS,0.0,384461.39,37509.35,72859.93,419811.97,2025-08-12 03:54:00,,,,,,
444,100383,136,pending,2025-06-03 11:55:09,1,210.0,209,ARS,0.0,581000.04,22972.35,117185.82,675213.51,2025-06-03 11:55:09,,,,,,
445,100384,216,pending,2025-07-31 22:44:30,3,337.0,336,ARS,0.0,211462.4,9542.16,42403.25,244323.49,2025-07-31 22:44:30,,,,,,
446,100385,246,delivered,2025-06-14 20:34:36,1,,387,ARS,0.0,280734.18,7828.27,57310.24,330216.16,2025-06-14 20:34:36,credit_card,330216.16,ARS,captured,2025-06-17 17:34:36,TX-200381
447,100386,203,created,2025-08-28 10:05:17,2,,316,ARS,0.0,292656.3,384.34,61377.11,353649.07,2025-08-28 10:05:17,gift_card,200272.66,ARS,authorized,,TX-200382
448,100387,240,delivered,2025-08-11 05:58:54,3,,377,ARS,128.17,45882.0,4588.2,8671.7,50093.67,2025-08-11 05:58:54,debit_card,31505.19,ARS,captured,2025-08-12 17:58:54,TX-200383
449,100387,240,delivered,2025-08-11 05:58:54,3,,377,ARS,128.17,45882.0,4588.2,8671.7,50093.67,2025-08-11 05:58:54,credit_card,18588.48,ARS,captured,2025-08-12 19:34:54,TX-200384
450,100388,2,paid,2025-08-08 06:22:30,2,,3,ARS,0.0,449929.02,12432.44,91874.28,529370.86,2025-08-08 06:22:30,gift_card,529370.86,ARS,captured,2025-08-09 17:22:30,TX-200385
451,100389,85,paid,2025-08-16 19:24:01,4,129.0,128,ARS,0.0,113165.48,3034.89,23127.42,133258.02,2025-08-16 19:24:01,credit_card,133258.02,ARS,captured,2025-08-18 05:24:01,TX-200386
452,100390,120,delivered,2025-06-15 04:36:57,1,184.0,183,ARS,0.0,197894.16,23747.3,36570.84,210717.7,2025-06-15 04:36:57,credit_card,210717.7,ARS,captured,2025-06-18 01:36:57,TX-200387
453,100391,35,created,2025-08-02 07:28:29,2,,54,ARS,0.0,527747.16,30816.38,104355.46,601286.24,2025-08-02 07:28:29,,,,,,
454,100392,21,shipped,2025-08-27 10:03:36,3,32.0,31,ARS,0.0,167041.48,4192.03,34198.38,197047.83,2025-08-27 10:03:36,gift_card,197047.83,ARS,captured,2025-08-27 21:03:36,TX-200388
455,100393,193,paid,2025-06-11 19:52:15,3,298.0,297,ARS,0.0,281503.93,21914.24,54513.83,314103.52,2025-06-11 19:52:15,mercado_pago,197804.43,ARS,captured,2025-06-12 05:52:15,TX-200389
456,100393,193,paid,2025-06-11 19:52:15,3,298.0,297,ARS,0.0,281503.93,21914.24,54513.83,314103.52,2025-06-11 19:52:15,credit_card,116299.09,ARS,captured,2025-06-12 08:37:15,TX-200390
457,100394,120,created,2025-06-07 00:06:06,1,184.0,183,ARS,0.0,395472.02,30098.96,76728.34,442101.4,2025-06-07 00:06:06,credit_card,177802.99,ARS,authorized,,TX-200391
458,100395,59,paid,2025-06-07 13:19:59,3,92.0,91,ARS,0.0,869206.02,79468.63,165844.85,955582.24,2025-06-07 13:19:59,debit_card,955582.24,ARS,captured,2025-06-07 20:19:59,TX-200392
459,100396,159,delivered,2025-06-03 22:44:01,3,242.0,241,ARS,0.0,255388.1,0.0,53631.5,309019.6,2025-06-03 22:44:01,gift_card,309019.6,ARS,captured,2025-06-06 01:44:01,TX-200393
460,100397,17,delivered,2025-08-19 10:44:46,2,25.0,24,ARS,0.0,412265.35,35573.92,79105.2,455796.63,2025-08-19 10:44:46,debit_card,297078.42,ARS,captured,2025-08-20 07:44:46,TX-200394
461,100397,17,delivered,2025-08-19 10:44:46,2,25.0,24,ARS,0.0,412265.35,35573.92,79105.2,455796.63,2025-08-19 10:44:46,mercado_pago,158718.21,ARS,captured,2025-08-20 12:19:46,TX-200395
462,100398,95,shipped,2025-06-24 10:41:53,3,147.0,146,ARS,0.0,310203.67,13046.28,62403.05,359560.44,2025-06-24 10:41:53,mercado_pago,359560.44,ARS,captured,2025-06-26 15:41:53,TX-200396
463,100399,53,paid,2025-07-16 07:04:31,2,81.0,80,ARS,0.0,739301.85,8544.03,153459.14,884216.96,2025-07-16 07:04:31,bank_transfer,884216.96,ARS,captured,2025-07-16 20:04:31,TX-200397
464,100400,13,paid,2025-06-12 22:58:09,2,20.0,19,ARS,0.0,160693.88,4089.83,32886.85,189490.9,2025-06-12 22:58:09,credit_card,87669.63,ARS,captured,2025-06-14 03:58:09,TX-200398
465,100400,13,paid,2025-06-12 22:58:09,2,20.0,19,ARS,0.0,160693.88,4089.83,32886.85,189490.9,2025-06-12 22:58:09,gift_card,101821.27,ARS,captured,2025-06-14 04:45:09,TX-200399
